,가게이름,날짜,리뷰,평점,주소
0,손오공마라탕,2020.11.23.,이지점은 제 입맛에 별루네요 국물은 버리는 사람많아서 일부러 조금주는건지 ...,2,서울 마포구 양화로18길 15 (우)04051
1,손오공마라탕,2020.11.04.,마라탕 100g 1800원... 왤케 비싸,3,서울 마포구 양화로18길 15 (우)04051
2,손오공마라탕,2020.11.04.,마라샹궈가 기가 막혀요,4,서울 마포구 양화로18길 15 (우)04051
3,손오공마라탕,2020.11.01.,중국 살다온 사람은 안다. 뭔가 맛이 미묘함 재료도 조금 많았으면 좋겠다,2,서울 마포구 양화로18길 15 (우)04051
4,손오공마라탕,2020.10.29.,밍밍하다고 했던 그대는... 정녕 이곳의 본질을 깨달은 자인가...? 손오공 마라탕 홍대점의 마라탕을 먹은 후... 나는 다른 곳의 마라탕을 먹지 못하는 몸이 되었다... 두부는 쫄깃하고 육수의 진하기는 다른 곳이 따라갈 수 없을 정도이다... 마라탕의 이데아가 있다면 바로 이곳이다. 이데아를 깨달은 나는 그 그림자를 먹어도 채워지지 않는다... 다들 부디...,5,서울 마포구 양화로18길 15 (우)04051
5,손오공마라탕,2020.10.26.,꿔바로우 먹으러 가는 곳.. 예전에는 마라탕도 맛있었는데 최근에 맛이 좀 변한 거 같다고 느꼈어요,5,서울 마포구 양화로18길 15 (우)04051
6,손오공마라탕,2020.10.13.,"i was a little too excited to discover this place (the last time i had mala hotpot was in singapore over 2 years ago) so i went a little overboard this time, but it tasted just like i remembered! defi...",5,서울 마포구 양화로18길 15 (우)04051
7,손오공마라탕,2020.10.11.,별로예요,1,서울 마포구 양화로18길 15 (우)04051
8,손오공마라탕,2020.10.09.,특별하진 않지만 맜있습니다.,4,서울 마포구 양화로18길 15 (우)04051
9,손오공마라탕,2020.10.08.,엄청 좋아하던곳인데 맛이 변했어요.. 밍밍하고 완전실망ㅠㅠ 강남점이 훨 맛있습니다,1,서울 마포구 양화로18길 15 (우)04051
10,손오공마라탕,2020.09.13.,좋아요,4,서울 마포구 양화로18길 15 (우)04051
11,손오공마라탕,2020.08.07.,추천!,4,서울 마포구 양화로18길 15 (우)04051
12,손오공마라탕,2020.07.21.,홍대근처에서 마라탕 세네군데 가봤는더 가장 맛있음.. ,5,서울 마포구 양화로18길 15 (우)04051
13,손오공마라탕,2020.06.07.,맛은 있는데 머리카락 나와서 찝찝해서 안 가요.,1,서울 마포구 양화로18길 15 (우)04051
14,손오공마라탕,2020.05.09.,맛은 있는데 23시까지라고 등록되어있길래 9시 50분쯤 갔더니 10시 30분까지 먹고 나가야 한다고 하고 10시부터는 재료냉장고 청소하고 의자올리고 마감하더라고요 사람이 없지도 않았으니 마감시간을 22시로 보고 가시는 게 좋을 듯 합니다.,4,서울 마포구 양화로18길 15 (우)04051
15,손오공마라탕,2020.05.03.,예전에 비해 맛이 없어졌어요. 국물맛이 변했습니다..,1,서울 마포구 양화로18길 15 (우)04051
16,손오공마라탕,2020.03.21.,맛있음,3,서울 마포구 양화로18길 15 (우)04051
17,손오공마라탕,2020.02.04.,주방 위생점검 사진.... 엄청난 단골이었는데 실망했어요...,1,서울 마포구 양화로18길 15 (우)04051
18,손오공마라탕,2020.01.30.,무난히 맛있어요. 다른 곳 보다 꿔바로우가 싸고 양이 많아요. ,4,서울 마포구 양화로18길 15 (우)04051
19,손오공마라탕,2019.12.29.,걸린 이후로 가게 곳곳에 세스코로 빡세게 점검한다고 붙여뒀네요 ㅋㅋㅋㅋㅋ 어딜가도 여기 마라탕이 젤 존맛인것같음 ㅠ 젤 자극적이야 ,4,서울 마포구 양화로18길 15 (우)04051
20,손오공마라탕,2019.12.24.,중국분들이 운영하시는것 같은데..불친해요!!,1,서울 마포구 양화로18길 15 (우)04051
21,손오공마라탕,2019.12.23.,처음엔 진짜 괜찮았어요 근데 갈수록 아쉽네요,2,서울 마포구 양화로18길 15 (우)04051
22,손오공마라탕,2019.11.01.,바로 옆 서교점으로 가세여~ 거기는 식약청 기준 결과 위생 괜찮다고 나왔음,1,서울 마포구 양화로18길 15 (우)04051
23,손오공마라탕,2019.10.04.,그냥 보통이에요~재방문 의사 없어요~,3,서울 마포구 양화로18길 15 (우)04051
24,손오공마라탕,2019.09.26.,3단계 불닭보다 맵슴다,5,서울 마포구 양화로18길 15 (우)04051
25,손오공마라탕,2019.09.12.,마라탕은 신선마라탕이 좀 더 맛있네요~ 꿔바로우는 손오공이 맛나요.,3,서울 마포구 양화로18길 15 (우)04051
26,손오공마라탕,2019.09.01.,보통이에요,3,서울 마포구 양화로18길 15 (우)04051
27,손오공마라탕,2019.08.31.,식약청 위생 취급 기준위반 식당입니다,1,서울 마포구 양화로18길 15 (우)04051
28,손오공마라탕,2019.08.29.,좋아요,4,서울 마포구 양화로18길 15 (우)04051
29,손오공마라탕,2019.08.28.,식약청 위생적 취급기준 위반,1,서울 마포구 양화로18길 15 (우)04051
30,손오공마라탕,2019.08.28.,마라탕 입문하기에 좋다. 꿔바로우랑 마라탕 맛있게 먹었다,4,서울 마포구 양화로18길 15 (우)04051
31,손오공마라탕,2019.08.20.,다신 안갈생각 ^^,1,서울 마포구 양화로18길 15 (우)04051
32,손오공마라탕,2019.08.08.,최악입니다. 식약청 걸리기 전날 먹다가 머리카락 나왔습니다. 그리고 머리카락 나왔다고 말씀드리니까 사과도 한마디 안하시고 그냥 다시 해드리겠다면서 재료를 다시 담아오라 하시더군요. 손님에게 기본적인 예의가 안되어있는 것 같네요. 먹다가 기분만 버리고 갑니다 ~ ,1,서울 마포구 양화로18길 15 (우)04051
33,손오공마라탕,2019.08.07.,위생불량,1,서울 마포구 양화로18길 15 (우)04051
34,손오공마라탕,2019.07.30.,_,1,서울 마포구 양화로18길 15 (우)04051
35,손오공마라탕,2019.07.28.,식약처 고시 위생적취급기준위반 음식점,1,서울 마포구 양화로18길 15 (우)04051
36,손오공마라탕,2019.07.28.,"맛있게 먹었는데 식약청 걸렸다구요,,,,?",1,서울 마포구 양화로18길 15 (우)04051
37,손오공마라탕,2019.07.26.,별로예요,1,서울 마포구 양화로18길 15 (우)04051
38,손오공마라탕,2019.07.25.,위생 불량 마라탕 누가와서 먹나요,1,서울 마포구 양화로18길 15 (우)04051
39,손오공마라탕,2019.07.25.,식약처 단속에 걸린 토나오는 곳,1,서울 마포구 양화로18길 15 (우)04051
40,손오공마라탕,2019.07.23.,식약청이네여,1,서울 마포구 양화로18길 15 (우)04051
41,손오공마라탕,2019.07.22.,별로예요,1,서울 마포구 양화로18길 15 (우)04051
42,손오공마라탕,2019.07.22.,2019년 7월 22일 식약처로부터 적발 : 위생적취급기준 위반,1,서울 마포구 양화로18길 15 (우)04051
43,손오공마라탕,2019.07.22.,미친 식약처 점검에서 위생불량판정 받았네요 다신 안갑니다 으으 ㅡㅡ 원래 후기는 참 좋게 썼었는데.. 실망,1,서울 마포구 양화로18길 15 (우)04051
44,손오공마라탕,2019.07.22.,딱 한번 갔는데 이번에 위생법 위반 걸렸네,1,서울 마포구 양화로18길 15 (우)04051
45,손오공마라탕,2019.07.22.,...,1,서울 마포구 양화로18길 15 (우)04051
46,손오공마라탕,2019.07.15.,위생이 별로고 고기가 질겨서 먹기 힘드네요 맛이 좋아서 자주 갔었는데 많이 아쉬워요,2,서울 마포구 양화로18길 15 (우)04051
47,손오공마라탕,2019.07.14.,"1. 사람이 너무 많음. 대기 많음. 음식 늦게 나옴 2. 마라향이 너무너무 약함. 제일 매운 맛으로 주문했는데도 약함.  3. 전체적으로 음식이 식으면 맛이 확 떨어짐. 샹궈도, 꿔바로우도. 특히 꿔바로우는 고기가 질겨서 식었을때 먹기 너무 힘들었음.  다시 가지 않을 곳이다..",1,서울 마포구 양화로18길 15 (우)04051
48,손오공마라탕,2019.07.10.,마라탕,5,서울 마포구 양화로18길 15 (우)04051
49,손오공마라탕,2019.07.07.,저는 1단계(백탕)응 시켰고 맛있었어요! 하지만 별점은 4.5를 주고 싶은 곳이네욤,5,서울 마포구 양화로18길 15 (우)04051
50,손오공마라탕,2019.07.06.,마라탕 특유의 향이 약하면서 중독성 있는 국물 맛 딱 한국인에 맞게 계량된 맛인듯,4,서울 마포구 양화로18길 15 (우)04051
51,손오공마라탕,2019.06.26.,위생도 별로고 주문누락되서 한참 기다려도 안나와서 물어보니 곧 나오고있다고만 하고 유명한데 너무 불친절하고 아쉽네요,2,서울 마포구 양화로18길 15 (우)04051
52,손오공마라탕,2019.06.17.,별로예요,1,서울 마포구 양화로18길 15 (우)04051
53,손오공마라탕,2019.06.15.,대림에서 먹던 맛,5,서울 마포구 양화로18길 15 (우)04051
54,손오공마라탕,2019.06.14.,위생..........,1,서울 마포구 양화로18길 15 (우)04051
55,손오공마라탕,2019.06.04.,마라탕 초보자들도 반하는 맛입니다! ,5,서울 마포구 양화로18길 15 (우)04051
56,손오공마라탕,2019.05.28.,인생마라탕.  왜 줄서서 먹는지 알게 됐음. 진짜 맛있음 이번주에 또 갈꺼임,5,서울 마포구 양화로18길 15 (우)04051
57,손오공마라탕,2019.05.18.,맛있고 빠르고 친절합니다! 왜 사람 많은지 알겠음.,5,서울 마포구 양화로18길 15 (우)04051
58,손오공마라탕,2019.05.17.,빠르고 맛있고 사장님이 주신 버블티 쿠폰도 잘썼어요!!! 또 갈게요~~~~ ,5,서울 마포구 양화로18길 15 (우)04051
59,손오공마라탕,2019.05.11.,마라탕 집 중 제일 자주 가요. 마라탕 초보가 먹기 좋을 맛있는 맛..? 채수로 만든 건 개인적으로 건강한 맛이라 취향은 아니었어요 ㅋㅋ 아 서교점 홍대점 둘 다 맛있었어요.,5,서울 마포구 양화로18길 15 (우)04051
60,손오공마라탕,2019.04.14.,탕 2단계 먹었는데 진짜맛있었어요,5,서울 마포구 양화로18길 15 (우)04051
61,손오공마라탕,2019.04.08.,마라샹궈 채식 맛집 사장님 비건프렌들리,5,서울 마포구 양화로18길 15 (우)04051
62,손오공마라탕,2019.03.17.,제일 매운맛해도 괜찮은거같아요!! 싸고 맛있어요!! 사람 진짜 많은데 회전율 빨라서 괜찮아요,5,서울 마포구 양화로18길 15 (우)04051
63,손오공마라탕,2019.02.10.,완전 맛있어요  신림동 다녔는데 이제 손오공만 갈꺼얌,5,서울 마포구 양화로18길 15 (우)04051
64,손오공마라탕,2019.02.07.,개존맛 ㅜㅜ 가격도 저렴하고 빨리 나옴!,5,서울 마포구 양화로18길 15 (우)04051
65,손오공마라탕,2019.01.14.,양고기 넣은 마라샹궈 조금 매운 맛 29000원 어치로 두 명이서 배부르게 잘 먹었다. 맛있는 집.,4,서울 마포구 양화로18길 15 (우)04051
66,손오공마라탕,2018.12.07.,테이블 사이가 좁아서 좀 불편했지만 음식은 맛있었다. 사람이 엄청 많아서 좀 일찍가야 웨이팅 없음. 담을땐 그렇게 많지 않았는데 요리로 나오면 생각보다 양이 많다. 마라샹궈보단 마라탕이 더 맛있었음. 꿔바로우도 괜찮은듯. 2018.11.27,4,서울 마포구 양화로18길 15 (우)04051
67,손오공마라탕,2018.12.02.,3단계 매운맛도 생각보다 많이 맵지 않아 좋아요. 마라향은 조금 약한 듯. 꿔바로우도 맛있네요,4,서울 마포구 양화로18길 15 (우)04051
68,손오공마라탕,2018.11.05.,"마라탕 존맛!!! 자꾸자꾸 생각나는 그런 매운 맛!생각없이  담다가는 가격폭탄 맞는다는 말 듣고 조심조심 담아서 그런가, 가격도 착했당       다음번엔 약간매운 맛으로 먹어봐야지^-^  *넘 맛있어서 이틀 있다가 다시 다녀왔는데, 오늘은 국물이 약간 짰네요ㅠㅠ짜지않은 얼큰한 매운맛이 좋았는데, 저녁때라 그런가 간이 좀 셌어요ㅠㅠ",4,서울 마포구 양화로18길 15 (우)04051
69,손오공마라탕,2018.10.22.,마라탕 첫경험.... 강렬하다...,5,서울 마포구 양화로18길 15 (우)04051
70,손오공마라탕,2018.09.10.,다른 마라탕집보다 중국맛에 가깝고 맛나요 대림역까지 가기 귀찮을 때 여기갑니다,5,서울 마포구 양화로18길 15 (우)04051
71,손오공마라탕,2018.08.09.,마라탕 재료 담는 곳이 다른 곳에 비해 나름 널찍하니 청결하게 관리되고 있어 맘에 들었어요. 맛은 아주 맛있지도 그렇다고 딱히 맛없지도 않는 평범한 곳이었어요. 찹살탕수육은 양도 많고 시큼달큼하니 한번 그냥 먹어볼 맛이에요. ,3,서울 마포구 양화로18길 15 (우)04051
72,손오공마라탕,2018.06.22.,너무 짜고 너무 달아요. 다 먹고 나서 입 안이 너무 찝찝해요 조미료 많이 들어간 음식먹은것처럼요,3,서울 마포구 양화로18길 15 (우)04051
73,손오공마라탕,2018.06.03.,최고예요,5,서울 마포구 양화로18길 15 (우)04051
74,손오공마라탕,2018.05.11.,최고예요,5,서울 마포구 양화로18길 15 (우)04051
75,손오공마라탕,2018.04.01.,친절하고 깔끔합니다. 이집이 보통이라고 하는 사람은 어디서 뭘 먹어봤길래 보통이라고 하는지 모르겠네요. 이 가격에 이정도면 훌륭하다고 생각됩니다. ,5,서울 마포구 양화로18길 15 (우)04051
76,손오공마라탕,2018.03.28.,보통이에요,3,서울 마포구 양화로18길 15 (우)04051
77,손오공마라탕,2018.02.12.,저렴하고 맛있어요!!,5,서울 마포구 양화로18길 15 (우)04051
78,손오공마라탕,2018.01.21.,마라샹궈가 환상적이네요~중국에서 먹어본것보다 더 맛있네요~강추에요,5,서울 마포구 양화로18길 15 (우)04051
79,손오공마라탕,2018.01.21.,깨끗하고음식이너무맛있어요 사장님이너무친절해요 꿔바로우꼭먹어보세요,5,서울 마포구 양화로18길 15 (우)04051
80,손오공마라탕,2017.11.04.,음식이 맛있어요... 강추입니다.,5,서울 마포구 양화로18길 15 (우)04051
81,손오공마라탕,2017.10.14.,깔끔하고 친절한 가게. 마라탕이나 마라샹궈 재료와 양을 직접 선택하면 됩니다~,4,서울 마포구 양화로18길 15 (우)04051
82,손오공마라탕,2017.10.13.,완전 맛있어,5,서울 마포구 양화로18길 15 (우)04051
83,타오마라탕,2020.11.24.,마라탕 입문하시는 분들은 꼭 제일 처음 여기 가셨음 좋겠어요. 분명 마라탕을 좋아하시게 될 거예요 :) 친절함 + 맛있음 + 저렴함 = 완벽!  ,5,서울 마포구 양화로6길 19 2층 (우)04044
84,타오마라탕,2020.11.20.,마라샹궈 존맛 존맛.. 홀이 완전 넓진 않고 손님이 많아서 2시쯤 갔는데도 웨이팅이 있었음.  사장님 완전 친절하시고 공깃밥은 무한리필. ,5,서울 마포구 양화로6길 19 2층 (우)04044
85,타오마라탕,2020.11.08.,최고예요,5,서울 마포구 양화로6길 19 2층 (우)04044
86,타오마라탕,2020.11.07.,"타오마라탕 진짜 애정하는 맛집이에요!! 나만 알고 싶은 맛집 1위 진짜 마라처돌이라 마라탕 여러곳 먹어봤고 중국에서 살면서도 많이 먹었는데 모둔 요소 다 따졌을때 여기가 원픽입니다 부모님도 맛있다면서 중국에서 먹은 마라탕보다 더 맛있구 신경써서 만든 맛이라 하셨어여 완전 인정 ㅠㅠ  그냥 흠잡을데가 없어요 가게 깔끔하고, 사장님 친절하시고 인테리어도 레스토...",5,서울 마포구 양화로6길 19 2층 (우)04044
87,타오마라탕,2020.11.04.,짱맛있고 마라탕집인데도 깨끗해요,4,서울 마포구 양화로6길 19 2층 (우)04044
88,타오마라탕,2020.10.26.,최고예요,5,서울 마포구 양화로6길 19 2층 (우)04044
89,타오마라탕,2020.10.24.,샹궈 너무맛있어! 밥두그릇! ,5,서울 마포구 양화로6길 19 2층 (우)04044
90,타오마라탕,2020.10.24.,진심 오지 마세요 우리집앞이라 맨날 갔는데 요즘 웨이팅 생겨서 짜증나니깐,5,서울 마포구 양화로6길 19 2층 (우)04044
91,타오마라탕,2020.10.22.,"맛이 여느 마라집과는 달랐어요 , 짜면 말씀해달라던 사장님 너무 친절하세요 또 가고싶은 집입니다",5,서울 마포구 양화로6길 19 2층 (우)04044
92,타오마라탕,2020.10.12.,"넘 맛있.....진짜 맛있...... 무조건 마라샹궈랑 마라탕 같이 시켜야함. 숟가락으로 마라탕 국물을 떠서, 마라샹궈에 있는 중국당면을 그 국물에 살짝 담갔다가 먹으면 환상임. 그리고 마라샹궈를 담갔던 마라탕 국물에 밥 비벼먹거나 두푸포를 담가먹으면 존맛탱",5,서울 마포구 양화로6길 19 2층 (우)04044
93,타오마라탕,2020.10.08.,마라맛 제대로에 너무 맛있고 재료도 신선하고 다른집 마라탕보다 깔끔해요!! 근데 가격까지 저렴하다는것 사장님도 너무 친절하세요 갈때마다 기분좋게 배불리 먹고 나옵니당,5,서울 마포구 양화로6길 19 2층 (우)04044
94,타오마라탕,2020.10.07.,오지마세요.. 웨이팅 길어짐..ㅠㅠㅠㅠㅠ 정 오시려거든 여기 오면 다른데서 마라탕 못 먹을거 각오하고 오세요!,5,서울 마포구 양화로6길 19 2층 (우)04044
95,타오마라탕,2020.10.07.,시스템이 똑같다고 맛까지 똑같은 건 아니군요! 기본에 충실해서 만족스러운 식사였어요 꿔바로우에는 적당한 두께의 고기가 들어있고 소스도 향긋하고요 마라탕도 재료 신선하고 국이 깔끔해서 좋아요!!,5,서울 마포구 양화로6길 19 2층 (우)04044
96,타오마라탕,2020.10.06.,솔직히 유명해지는게 무서운집  나만 알고싶은 맛집 여기간뒤로 마라다른곳 절대안감,5,서울 마포구 양화로6길 19 2층 (우)04044
97,타오마라탕,2020.10.05.,너무 친절하시고 마라탕 진짜 맛있어요,5,서울 마포구 양화로6길 19 2층 (우)04044
98,타오마라탕,2020.10.01.,"마라탕집이 레스토랑 같이 깨끗하고 친절해여, 맛도 체고!",5,서울 마포구 양화로6길 19 2층 (우)04044
99,타오마라탕,2020.10.01.,궈바로우 아주 맛있어요! 이 주변 최고입니다,5,서울 마포구 양화로6길 19 2층 (우)04044
100,타오마라탕,2020.10.01.,깨끗해서좋아요,5,서울 마포구 양화로6길 19 2층 (우)04044
101,타오마라탕,2020.10.01.,맛있게잘먹고갑니다,5,서울 마포구 양화로6길 19 2층 (우)04044
102,타오마라탕,2020.09.27.,홍대 주변 최고의 마라탕집 .. ^^*,5,서울 마포구 양화로6길 19 2층 (우)04044
103,타오마라탕,2020.09.26.,인생마라탕입니다 ,5,서울 마포구 양화로6길 19 2층 (우)04044
104,타오마라탕,2020.09.25.,일주일에 한번 이곳에서 마라모임을 열게 만든 곳,5,서울 마포구 양화로6길 19 2층 (우)04044
105,타오마라탕,2020.09.09.,진짜 맛있어요！,5,서울 마포구 양화로6길 19 2층 (우)04044
106,타오마라탕,2020.09.09.,"한국인의 입맛에 잘 맞춘 마라탕 집인데 현지맛 좋아하는 사람들도 맛있게 먹을 수 있어요 마라 마스터에게도, 마라 입문자에게도 좋아요 그냥 마라맛이 아니고 좀 더 풍부한 맛이 나는 듯 해요 최애 마라탕 top5안에 들어요 ㅋㅋ ",5,서울 마포구 양화로6길 19 2층 (우)04044
107,타오마라탕,2020.09.04.,친절하고 맛도 괜찮은데 재료가 그리 신선하지 않은 느낌,4,서울 마포구 양화로6길 19 2층 (우)04044
108,타오마라탕,2020.09.02.,친구랑 갔는데 맛있고 다른 곳보다 훨씬 저렴해요,4,서울 마포구 양화로6길 19 2층 (우)04044
109,타오마라탕,2020.08.29.,최애마라탕집,5,서울 마포구 양화로6길 19 2층 (우)04044
110,타오마라탕,2020.08.29.,"맛있어요! 직원들 모두 친절하고 , 마라탕집 같지 않게 깨끗하고 분위기도 좋아요 ",5,서울 마포구 양화로6길 19 2층 (우)04044
111,타오마라탕,2020.08.23.,유명한 곳은 다 이유가 있네요~,5,서울 마포구 양화로6길 19 2층 (우)04044
112,타오마라탕,2020.08.23.,마라탕 처돌인데 여기가 진짜 젤 미쳤어요 그저 최고....,5,서울 마포구 양화로6길 19 2층 (우)04044
113,타오마라탕,2020.08.19.,맛있어요!!!,4,서울 마포구 양화로6길 19 2층 (우)04044
114,타오마라탕,2020.08.17.,할말이없다.. just eating,5,서울 마포구 양화로6길 19 2층 (우)04044
115,타오마라탕,2020.08.17.,여긴 그냥 ○○○○임구속 시켜야함 존맛 미쳤음 그냥 먹자마자 콧구멍 벌렁벌렁임,5,서울 마포구 양화로6길 19 2층 (우)04044
116,타오마라탕,2020.08.15.,맛있어요+_+,5,서울 마포구 양화로6길 19 2층 (우)04044
117,타오마라탕,2020.08.13.,내가 아직까지 평가를 안 했다니..!  나에게 마라탕 먹자=합정에서 만나 입니다 ,5,서울 마포구 양화로6길 19 2층 (우)04044
118,타오마라탕,2020.08.13.,인생마라탕집 진짜 맛있어요,5,서울 마포구 양화로6길 19 2층 (우)04044
119,타오마라탕,2020.08.08.,존온맛탱탱 마라탕 맛집,5,서울 마포구 양화로6길 19 2층 (우)04044
120,타오마라탕,2020.07.30.,서울시내 본인픽 원탑..! 구성에 만두와 치즈볼이 있는 게 재밌음. 꿔바로우도 꼭 시키세요,5,서울 마포구 양화로6길 19 2층 (우)04044
121,타오마라탕,2020.07.29.,맛있고 친절하긴한데 야채랑 고기가 신선하진않은것 같아요 ㅠ,3,서울 마포구 양화로6길 19 2층 (우)04044
122,타오마라탕,2020.07.24.,"볶는 스킬이 좋으신듯 재료들이 야채, 면, 고기가 각각 적절하게 익었으면서 양념이 배어있어서 맛있었어요.",5,서울 마포구 양화로6길 19 2층 (우)04044
123,타오마라탕,2020.07.23.,맛있었어요! 다음엔 꿔바로우도 먹어봐야지,4,서울 마포구 양화로6길 19 2층 (우)04044
124,타오마라탕,2020.07.22.,카카오맵 5점은 거짓말 안해요 국룰!,5,서울 마포구 양화로6길 19 2층 (우)04044
125,타오마라탕,2020.07.21.,진짜 최고입니다!!,5,서울 마포구 양화로6길 19 2층 (우)04044
126,타오마라탕,2020.07.16.,존맛탱 진짜 개존맛,5,서울 마포구 양화로6길 19 2층 (우)04044
127,타오마라탕,2020.07.13.,샹궈가 딱 깔끔하고 뒷맛이 좋더라고요 재료도 신선해서 좋았습니다,5,서울 마포구 양화로6길 19 2층 (우)04044
128,타오마라탕,2020.07.04.,사장님이 친절하시고 세심한게 제일 좋아요! 그리고 맛도 있어서 자주 갑니다!! 매운거 잘 못먹는데 순한맛 시키면 괜찮아요 ㅎㅎ 포장도 해왔는데 국물도 넉넉히 주셔서 너무 맛있게 잘 먹었어요!,5,서울 마포구 양화로6길 19 2층 (우)04044
129,타오마라탕,2020.06.30.,카카오맵에서 5.0 식당이 있긴 할까요...? 사장님 정말 너무너무 친절하시고 매운맛은 매운 맛보다 얼얼한 맛이 더 강해서 전 너무 좋았어요 최고...,5,서울 마포구 양화로6길 19 2층 (우)04044
130,타오마라탕,2020.06.27.,타오마라탕 하오하오!!! 맛있게 먹은 마라탕 집 중 손가락 안에 드는 듯. 사장님도 친절하시고 무엇보다 청결한 느낌!!,5,서울 마포구 양화로6길 19 2층 (우)04044
131,타오마라탕,2020.06.18.,"평점보고 찾아갔다가 나흘만에 또 가게 되는 맛 ,, 게다가 직원분들 다 넘 친절하시고 깨끗하고 단점이 하나두 없네요 먹어본 마라탕 중 제일 맛있어요~! ",5,서울 마포구 양화로6길 19 2층 (우)04044
132,타오마라탕,2020.06.13.,얼얼한 맛이 강한 편 사장님이 매우 친절하심 재방문의사 : 매우 강력,5,서울 마포구 양화로6길 19 2층 (우)04044
133,타오마라탕,2020.06.13.,마라탕 좋아하는데 여기가 최고에요 ㅠㅠ 사장님 넘나 친절하시고 너무 맛있음  매운맛드세요 존마탱 ,5,서울 마포구 양화로6길 19 2층 (우)04044
134,타오마라탕,2020.05.29.,부인이좋아함,5,서울 마포구 양화로6길 19 2층 (우)04044
135,타오마라탕,2020.05.13.,너무 맛있어요,5,서울 마포구 양화로6길 19 2층 (우)04044
136,타오마라탕,2020.05.05.,"기본적인 부분은 모두 만족입니다. 맛이 괜찮고, 가게가 깨끗하고, 서비스가 좋습니다.  순한맛은 거의 안 맵구요. 보통맛은 처음엔 맵지만 먹다보면 적응돼서 신라면 정도 생각하시면 됩니다. 매운맛은 한그릇 먹어보진 않았는데, 보통 사람도 도전해볼 만한 맛이에요.  쌀밥 가성비 좋습니다. 꼬들밥으로 양 많이 줍니다. 부족할 경우 더주실 때도 있어요.  특히 정...",5,서울 마포구 양화로6길 19 2층 (우)04044
137,타오마라탕,2020.05.04.,깔끔한맛! 마라탕은 처음이라 순한맛을 먹었는데 일본 돈코츠 라멘 국물 느낌! 다음에는 보통맛을 시도!,5,서울 마포구 양화로6길 19 2층 (우)04044
138,타오마라탕,2020.05.02.,요즘 홍대권 마라탕 맛이 조금씩 변해가는 상황에서 아직까지 바뀌지 않는 곳. 처음 갔을 때 미비된 부분이 있었지만 점점 개선되는 모습이 좋아 계속 가고 있습니다. 맛은 지금까지 먹었던 마라탕 중 가장 밸런스가 잡힌 느낌이에요. 재료도 신선하고 재료통에 이물질이 들어가지 않도록 직원분들께서 신경을 쓰고 계신 것 같습니다. 합정 갈 일 있으면 항상 가게 되네요...,5,서울 마포구 양화로6길 19 2층 (우)04044
139,타오마라탕,2020.04.25.,"혼밥하러 가끔 가는데, 음식 맛 좋고, 오픈 주방에, 사장과 서버 모두 친절한데다 청결에 신경을 많이 쓰는 것 같다.",5,서울 마포구 양화로6길 19 2층 (우)04044
140,타오마라탕,2020.04.24.,저는 깜짝 놀랐습니다 마라탕을 주문하고 식사를 마치는 약 한시간동안 일하시는분이 끊임없이 주방을 닦으시는 모습에  여기라면 위생걱정은 없겠구나 생각했습니다.. 그리고 맛은 존맛탱⭐,5,서울 마포구 양화로6길 19 2층 (우)04044
141,타오마라탕,2020.04.23.,"개오바 너무 맛있어요 마라탕은 가장 순한 맛으로 하지 않으면 늘 속이 좀 쓰렸는데, 중간맛을 해도 속이 편안하네요. 매장도 깔끔하고, 무엇보다 마라탕 사리 중에 만두가 있는 점이 너무 좋았어요 다들 만두랑 치즈떡은 꼭 넣으세요!  덧.점심엔 꿔바로우가 안 된다니 참고하세요!",5,서울 마포구 양화로6길 19 2층 (우)04044
142,타오마라탕,2020.04.22.,맛 100 청결 100 친절 100 재방문 100 미라탕의 기준을 새로 정해버리는 오져버리는 맛,5,서울 마포구 양화로6길 19 2층 (우)04044
143,타오마라탕,2020.04.15.,"제일 맛있어요,, 인생마라탕",5,서울 마포구 양화로6길 19 2층 (우)04044
144,타오마라탕,2020.04.06.,와 진짜 대박 ㅠㅠ 마라탕 좋아해서 이곳저곳 많이 가봤지만 여기만큼 괜찮은데가 없는 거 같아요 친구추천으로 와봤는데 진짜 너무 맛있고 청결하기도 하고 꼬치도 반값... 여기만 올 거 같아요 ٩(♥︎ε♥︎)۶,5,서울 마포구 양화로6길 19 2층 (우)04044
145,타오마라탕,2020.03.17.,제가 지금까지 먹은 마라탕은 가짜였네요 이 곳에서 진짜를 맛봤습니다..... 재료손질 식기세팅 훤히보이는 주방의 청결함도 놀랐지만 젊은분이 사장님이신지 넘나 친절해서 혼밥러임에도 넘나 감사했습니다. 자주 애용할께요!! ,5,서울 마포구 양화로6길 19 2층 (우)04044
146,타오마라탕,2020.03.12.,역시 내인생마라탕집답게 이미 평점이 쵝오네연 조만간 또 머그러 가겠습니다 허허,5,서울 마포구 양화로6길 19 2층 (우)04044
147,타오마라탕,2020.03.05.,눈물나는맛..,5,서울 마포구 양화로6길 19 2층 (우)04044
148,타오마라탕,2020.02.22.,진짜 걍 존맛 인생마라탕 ㄹㅇ,5,서울 마포구 양화로6길 19 2층 (우)04044
149,타오마라탕,2020.02.18.,존맛. 마라마스터가 인정한 맛집. 국물부터 다른 곳과 다릅니다. 일단 드셔보세요. 진짜 눈물흘리는 맛입니다. ,5,서울 마포구 양화로6길 19 2층 (우)04044
150,타오마라탕,2020.02.18.,국물 맛나용,5,서울 마포구 양화로6길 19 2층 (우)04044
151,타오마라탕,2020.01.27.,GREAT !,5,서울 마포구 양화로6길 19 2층 (우)04044
152,타오마라탕,2020.01.13.,맛 청결 친절 최고 내 마라탕집 원탑 ,5,서울 마포구 양화로6길 19 2층 (우)04044
153,타오마라탕,2020.01.04.,평보고갔다가 후회안했습니다! 꿔바로우가 좀 늦게나오지만 늦게나온만큼 맛있었어요! 여긴 꼭가세요,5,서울 마포구 양화로6길 19 2층 (우)04044
154,타오마라탕,2019.12.27.,마라탕집은 더러운곳이 너무 많아서 일단 깔끔하단 점이 좋았다 가격도 괜찮고 마라탕도 맛있다 특히 꿔바로우가 엄청 맛있다...신맛이 적어 기침이 안나는 맛ㅋㅋㅋ,5,서울 마포구 양화로6길 19 2층 (우)04044
155,타오마라탕,2019.12.26.,지금까지 먹어본 마라탕 중에 제일 맛있네요 추가로 꿔바로우도 엄청맛있습니다 ㅎㅎ,5,서울 마포구 양화로6길 19 2층 (우)04044
156,타오마라탕,2019.12.22.,마지막에 조금 짠 거 빼고 맛있었어요!!,4,서울 마포구 양화로6길 19 2층 (우)04044
157,타오마라탕,2019.12.14.,만족스럽습니다 가셔도 됩니다,5,서울 마포구 양화로6길 19 2층 (우)04044
158,타오마라탕,2019.12.05.,진짜 맛있도 서비스도 좋아요 ㅎㅎ,5,서울 마포구 양화로6길 19 2층 (우)04044
159,타오마라탕,2019.12.02.,인생마라탕 사장님 왕친절 ,5,서울 마포구 양화로6길 19 2층 (우)04044
160,타오마라탕,2019.11.11.,사장님 친절하시고 마라탕도 완전 맛있어요ㅠㅠㅠ최고,5,서울 마포구 양화로6길 19 2층 (우)04044
161,타오마라탕,2019.11.02.,사장님 친절하시고 마라탕 맵기도 제 입맛에 적당해요^^,5,서울 마포구 양화로6길 19 2층 (우)04044
162,타오마라탕,2019.10.25.,꿔바로우 만원이면 진짜 저렴한듯 마라탕 맛있고 가성비 굿굿,5,서울 마포구 양화로6길 19 2층 (우)04044
163,타오마라탕,2019.10.23.,"내 인생 첫 마라탕인데 극호..  사장님이신지 모르겠지만 친절하시구 ,, 아 또 먹고싶다",5,서울 마포구 양화로6길 19 2층 (우)04044
164,타오마라탕,2019.09.30.,친절 가성비 맛 모두 갖춘 곳,4,서울 마포구 양화로6길 19 2층 (우)04044
165,타오마라탕,2019.09.09.,사장님도 친절하시고 마라도 맛있네여,5,서울 마포구 양화로6길 19 2층 (우)04044
166,타오마라탕,2019.08.30.,진짜 깔끔하고 마라탕 너무맛있어요 ㅠㅠㅠㅠ  고기추가(3000)해서 먹었는데 국물맛이 제가 지금까지 먹은 마라탕가게중에 2번째로 맛있에요 짱이에요 !!,5,서울 마포구 양화로6길 19 2층 (우)04044
167,타오마라탕,2019.08.15.,최고예요,5,서울 마포구 양화로6길 19 2층 (우)04044
168,타오마라탕,2019.08.14.,최고예요,5,서울 마포구 양화로6길 19 2층 (우)04044
169,타오마라탕,2019.07.10.,대박!!,5,서울 마포구 양화로6길 19 2층 (우)04044
170,타오마라탕,2019.07.06.,아주 좋습니다,5,서울 마포구 양화로6길 19 2층 (우)04044
171,타오마라탕,2019.07.02.,깔끔하고 위생도 좋은 상태라고 느껴졌어요.  무엇보다도 사장님이 매우 친절하세요.  물론 맛도 있었어요. 어머니 모시고 갔는데 첨 드시는 지라 걱정했지만 국물이 아주 맛있다고 하셔서~ 다행이었어요.  여성분들은 머리끈도 준비돼 있으니 유용하게 쓰일듯 해요! 후기 잘 안쓰는데 사장님 친절함 덕에 기분 좋은 식사하고 나와서 생각나서 남깁니다! ,5,서울 마포구 양화로6길 19 2층 (우)04044
172,타오마라탕,2019.06.11.,한국에 있는 마라탕중에 정말 현지맛을 잘살리면서 부담감없이 먹을수 있음 마라탕국물이 진짜 사골 국물처럼 진하고 맛있음! 후회안함 직원들도 너무친절하고 편함,5,서울 마포구 양화로6길 19 2층 (우)04044
173,타오마라탕,2019.06.07.,손오공 마라탕보다 더 맛있습니다. 그리고 반찬으로 나오는 북경 오리 무침이 정말 맛나네요.,5,서울 마포구 양화로6길 19 2층 (우)04044
174,중경마라탕 강남역점,2020.11.17.,고수를 안넣었는데도 국물에서 고수맛이 너무...다른데보다 넘 심하네요  순한맛국물만 먹는데 혀가 아릴정도.. 이럴꺼면 고수 좋아하는사람들 한테만 알리고 파세요ㅡㅡ,1,서울 강남구 테헤란로1길 44 2층 (우)06129
175,중경마라탕 강남역점,2020.11.15.,아 진짜 맛있었어요 ,5,서울 강남구 테헤란로1길 44 2층 (우)06129
176,중경마라탕 강남역점,2020.10.21.,"특별하진 않지만 근처 마라탕 집보다 혀에 쫙 붙는 신맛? 매운 맛?이 좀 더 강렬했던 맛. 2단계 탕을 먹었는데 하나도 안 매운 맛. 육수가 깔끔.   다른 집들과 다른 속재료가 두 세가지 정도이고, 고기를 봉지에 담아놔서 좀 보고 고를 수 있다는 게 장점?  검색에서는 샹궈맛집이라니 담엔 샹궈도전!",4,서울 강남구 테헤란로1길 44 2층 (우)06129
177,중경마라탕 강남역점,2020.10.20.,"마라탕 덕후의 찐 맛집 강남에 있는 마라탕집 거의 다 가봤는데 여기가 제일 맛있음.  3단계는 무조건 속 뒤집어진다. 빈속에 먹었다가 위경련일어날뻔 꿔바로우는 시큼하니 뜨끈하고 쫄깃하다. 너무 맛있음.   밑에 리뷰 몇개봤는데..  감자, 연근은 거의 아삭하게 나온다고 보면 되고 냄비를 만들때마다 씻지 않는것 같기 때문에 가끔가다 재료가 빠지기도 추가되기도...",5,서울 강남구 테헤란로1길 44 2층 (우)06129
178,중경마라탕 강남역점,2020.10.20.,마라샹궈 5점 마라탕 3점 샹궈맛집 ㅇㅈ,4,서울 강남구 테헤란로1길 44 2층 (우)06129
179,중경마라탕 강남역점,2020.10.17.,여긴 마라샹궈 맛집임... 샹궈 개맛있는데 밥은 무료이나 밥의 질은 기대하면 안됨 탕은 좀 밍밍함..탕에서 날 실망시켜서 별하나 뺌 ㅠ  꿔바로우는 ㄱㅊ 소스 좀 시큼 바삭하고 먹을만했음,4,서울 강남구 테헤란로1길 44 2층 (우)06129
180,중경마라탕 강남역점,2020.10.04.,2단계 탕 맛있어요,3,서울 강남구 테헤란로1길 44 2층 (우)06129
181,중경마라탕 강남역점,2020.08.25.,매장청결해요 맛은... 제일매운맛도 그닥맵지않드라,4,서울 강남구 테헤란로1길 44 2층 (우)06129
182,중경마라탕 강남역점,2020.08.06.,1단계는 밍밍하고 3단계는 속쓰리다. 2단계가 딱 적당. 고수 팍팍 넣으면 더 맛있어짐,4,서울 강남구 테헤란로1길 44 2층 (우)06129
183,중경마라탕 강남역점,2020.07.30.,재료들과 국이 조화롭지 않은 것 같다,1,서울 강남구 테헤란로1길 44 2층 (우)06129
184,중경마라탕 강남역점,2020.07.27.,위생최악,1,서울 강남구 테헤란로1길 44 2층 (우)06129
185,중경마라탕 강남역점,2020.07.14.,1단계는 너무 맹하다 치즈떡맛있다,3,서울 강남구 테헤란로1길 44 2층 (우)06129
186,중경마라탕 강남역점,2020.06.11.,마라샹궈먹고 싶어서 찾아보다가 후기가 별로 좋지 않아서 걱정햇는데 맛잇게 먹고 나왓습니다 사진보는데 다시 침 나오네요,4,서울 강남구 테헤란로1길 44 2층 (우)06129
187,중경마라탕 강남역점,2020.06.05.,국물이 맹함,1,서울 강남구 테헤란로1길 44 2층 (우)06129
188,중경마라탕 강남역점,2020.05.23.,마라탕 국물은 맛있는데 감자가 덜익어서 나와서 아삭아삭함 일하는 아줌마 두명중 한명은 친절하신데 한명이 싸가지없음 그리고 그 아줌마가 주문 받았는데 매운맛 시켰는데 영수증에 보통맛 찍혀있었음 둘다 올빽했는데 머리 긴 아줌마였나,2,서울 강남구 테헤란로1길 44 2층 (우)06129
189,중경마라탕 강남역점,2020.05.21.,알바 하시는분 진짜 예의없어요 맛은 그렇다 쳐도 서비스 진짜 별로네요,1,서울 강남구 테헤란로1길 44 2층 (우)06129
190,중경마라탕 강남역점,2020.05.19.,마라탕 국물은 맛있었는데 순한맛이 생각보다 매웠고 소고기도 추가했지만 고기양이 적고 질겼음 다시 가진 않을듯 쏘쏘굿,3,서울 강남구 테헤란로1길 44 2층 (우)06129
191,중경마라탕 강남역점,2020.05.08.,맛있긴한데.. 라면사리만 넣었는데 당면이 왜나오죠..? 라면사리만 넣어봐서 이물질이 섞여있는거는 처음알았어요.. 뭘 재탕하는건지..?,1,서울 강남구 테헤란로1길 44 2층 (우)06129
192,중경마라탕 강남역점,2020.05.08.,한국 마라탕 중에는 평균이상 맛있움 꿔바로우는 고기가 좀 마른 편이다,4,서울 강남구 테헤란로1길 44 2층 (우)06129
193,중경마라탕 강남역점,2020.04.30.,여기서 마라탕 입문함ㅎㅎ,4,서울 강남구 테헤란로1길 44 2층 (우)06129
194,중경마라탕 강남역점,2020.04.28.,진짜 개맛있음 꿔바로우도맛있고 국물도최고.... 새우는 꼭 넣어드세여 여기 새우 엄청 통통함,5,서울 강남구 테헤란로1길 44 2층 (우)06129
195,중경마라탕 강남역점,2020.03.21.,마라탕 여기꺼밖에 안먹어요.!!완전 한국인 입맛에 맞췄달까?? jmt 낼 또 먹으러 가야지~.,5,서울 강남구 테헤란로1길 44 2층 (우)06129
196,중경마라탕 강남역점,2020.03.15.,"맛, 구성 90%, 서비스 셀프임, 재방문 의사 80% 맛이 바뀔수 없는 메뉴임에도 방문 당일 직원(죄다 중국인)이 부엌에서 큰소리로 대화, 싸워서 별로. ",3,서울 강남구 테헤란로1길 44 2층 (우)06129
197,중경마라탕 강남역점,2020.02.16.,보통이에요,3,서울 강남구 테헤란로1길 44 2층 (우)06129
198,중경마라탕 강남역점,2020.01.26.,평타입니다~ 당면도 너무 두껍고 꿔바로우 몇점에서 고기비린내가... 그거빼면 딱 마라탕스러운 그냥 마라탕이예요,3,서울 강남구 테헤란로1길 44 2층 (우)06129
199,중경마라탕 강남역점,2020.01.24.,이 리뷰 쓰려고 로그인 함 종업원들 너무 불친절 음식에 뭐가 나와서 걍 조용히 얘기했는데 주방쪽 가서 지들끼리 쳐다보면서 웃고 쑥덕대고 난리남 마라탕 맛도 그냥 몇 걸음 더 가면 있는 곳이랑 비슷함 차라리 거긴 인터리어라도 고급스럽지 담부터 절대 안 옴,1,서울 강남구 테헤란로1길 44 2층 (우)06129
200,중경마라탕 강남역점,2020.01.14.,최고예요,5,서울 강남구 테헤란로1길 44 2층 (우)06129
201,중경마라탕 강남역점,2020.01.09.,맛은 있는데 묘하게 기분 상하는 곳 시끄럽고 화장실 공용인데 1칸(실화냐) 밥이 맛없음.. 찐밥ㅇㅇ,4,서울 강남구 테헤란로1길 44 2층 (우)06129
202,중경마라탕 강남역점,2020.01.03.,1단계랑 꿔바로우 먹음 맛은 있음 종업원들이 불친절함  음료 이벤트 (sns 해시태그 이벤트) 참여하려고 친구가 꿔바로우랑 마라탕 사진 인스타에 올리고 종업원한테 보여줬는데 샐러드바랑 메뉴판도 다 찍어야 한다고 함 근데 이벤트 안내판엔 그런 내용 하나도 없었고 종업원이 저 말 할때도 기분 나쁜 투로 얘기해서 1차로 기분 상함 밥 다 먹고 앉아서 친구랑 얘기...,1,서울 강남구 테헤란로1길 44 2층 (우)06129
203,중경마라탕 강남역점,2019.12.24.,맛있어요,5,서울 강남구 테헤란로1길 44 2층 (우)06129
204,중경마라탕 강남역점,2019.12.20.,맛있었어요! 밥말아먹기 좋은 국물 진하진 않지만 가볍게 먹기 좋아요! 깔끔 근데 먹고 배아팠음 왜징..? 별은 3.5,3,서울 강남구 테헤란로1길 44 2층 (우)06129
205,중경마라탕 강남역점,2019.11.14.,"맛있어요! 사람이 많아서 문제지만,,",5,서울 강남구 테헤란로1길 44 2층 (우)06129
206,중경마라탕 강남역점,2019.10.15.,마라탕에서 머리카락 나옴...ㅡㅡ 아 진짜 재료랑 뒤섞여있었는데 너무 비위 상하네요;;,1,서울 강남구 테헤란로1길 44 2층 (우)06129
207,중경마라탕 강남역점,2019.10.06.,샹궈 존맛,5,서울 강남구 테헤란로1길 44 2층 (우)06129
208,중경마라탕 강남역점,2019.08.22.,세번째 방문인데 맛있고 친절해여!!!! 개인적으로 이집은 탕보다 샹궈가 더 맛있어요!,5,서울 강남구 테헤란로1길 44 2층 (우)06129
209,중경마라탕 강남역점,2019.08.17.,국물이 너무 맛있어서 밥 무한리필이라 말아먹고 꿔바로우 짱!! ,5,서울 강남구 테헤란로1길 44 2층 (우)06129
210,중경마라탕 강남역점,2019.06.18.,맛있었어요. 꿔바로우도 맛있어요.,5,서울 강남구 테헤란로1길 44 2층 (우)06129
211,중경마라탕 강남역점,2019.06.18.,사장으로 보이는 종업원이 우리한테 음식 가져오다가 바로 안주고 옆에 테이블에서 뭐 골라내고 있었음. 뭔가 보니까 수세미? 플라스틱? 뭔지는 모르겠는데 불순물임. 따지니까 그냥 먹으래 ㅋㅋㅋ 다시는 안간다,1,서울 강남구 테헤란로1길 44 2층 (우)06129
212,중경마라탕 강남역점,2019.05.22.,무난무난해요 근데 마라맛이 많이 안남,3,서울 강남구 테헤란로1길 44 2층 (우)06129
213,중경마라탕 강남역점,2019.05.01.,"마라향 안남, 라면맛",1,서울 강남구 테헤란로1길 44 2층 (우)06129
214,중경마라탕 강남역점,2019.02.25.,마라탕 진짜 맛있음 1단계도 충분히 매콤함,5,서울 강남구 테헤란로1길 44 2층 (우)06129
215,중경마라탕 강남역점,2019.02.20.,맛있었음 마라탕 마라샹궈 둘다 근데 좀 매움,4,서울 강남구 테헤란로1길 44 2층 (우)06129
216,라공방 가로수길본점,2020.11.22.,엄청 빨리 나와요,3,서울 강남구 도산대로11길 29 SM빌딩 1층 (우)06034
217,라공방 가로수길본점,2020.10.22.,별로예요,1,서울 강남구 도산대로11길 29 SM빌딩 1층 (우)06034
218,라공방 가로수길본점,2020.10.06.,너무 매워요,1,서울 강남구 도산대로11길 29 SM빌딩 1층 (우)06034
219,라공방 가로수길본점,2020.07.29.,마라샹궈 존맛..!친구들이랑은 항상 여기 오는거 같아요.라공방 지점마다 맛차이 심한데 네곳 다녀온 결과 여기가 제일 맛있는거 같아요. 특히 꿔바로우는 좀 감동이었습니댜,5,서울 강남구 도산대로11길 29 SM빌딩 1층 (우)06034
220,라공방 가로수길본점,2020.07.27.,최고예요,5,서울 강남구 도산대로11길 29 SM빌딩 1층 (우)06034
221,라공방 가로수길본점,2020.05.01.,난 마라탕 여기가 제일 맛있다 ㅠㅅㅠ 근데 좀 비쌈,5,서울 강남구 도산대로11길 29 SM빌딩 1층 (우)06034
222,라공방 가로수길본점,2020.01.17.,맛있음 근데 다른곳에 비해 덜매움 매운거 못먹는데도 2단계가 다른곳 순한맛정도였음 다음에가면 3단계 먹을듯,5,서울 강남구 도산대로11길 29 SM빌딩 1층 (우)06034
223,라공방 가로수길본점,2019.11.09.,맛이 없고 불친절,1,서울 강남구 도산대로11길 29 SM빌딩 1층 (우)06034
224,라공방 가로수길본점,2019.08.31.,깨끗하게 맛있게 먹기에 딱 좋은 곳 가격은 신사동 자체가 어느 정도 높은 가격을 유지하고 있다.  ,3,서울 강남구 도산대로11길 29 SM빌딩 1층 (우)06034
225,라공방 가로수길본점,2019.08.29.,간자체가 너무 싱겁고 이 집 마라탕이 정말 맛있다고 생각하나요..?,1,서울 강남구 도산대로11길 29 SM빌딩 1층 (우)06034
226,라공방 가로수길본점,2019.06.09.,샹궈 3단계 탕 1단계 탕은 여전히 너무 맛있는데 샹궈 맛이...변했다ㅠ 다남김...,3,서울 강남구 도산대로11길 29 SM빌딩 1층 (우)06034
227,라공방 가로수길본점,2019.04.03.,고풍스런 인테리어와 맛 또한 정말 신세계였음!!,5,서울 강남구 도산대로11길 29 SM빌딩 1층 (우)06034
228,라공방 강남1호 본점,2020.11.18.,마라샹궈 먹고 배아팠음 ㅠㅠ * 평소 마라에 예민하지 않음,1,서울 강남구 테헤란로4길 6 센트럴애비뉴 지하1층 B113호 (우)06232
229,라공방 강남1호 본점,2020.11.14.,"X 제발 읽어주세요. 재료 위생상태 최악 X  0점이 없어서 1점도 아깝지만 1점 누릅니다. 여기 재료 위생 상태 정말 안좋은것같아요. 정말 위험해요,,,   2020.03.26.목 방문하여 마라탕을 먹었습니다. 당시에 비엔나 소시지 꼬치를 넣었고  비엔나 소시지 먹자마자 소시지에서 걸레 맛이 나서 바로 뱉었습니다. 비유적으로 말하는게 아니라 정말 걸레 썩...",1,서울 강남구 테헤란로4길 6 센트럴애비뉴 지하1층 B113호 (우)06232
230,라공방 강남1호 본점,2020.11.13.,혹시 이 리뷰를 보는 사람들을 위해 씁니다. 20.11.13에 다녀왔구요.  위생 : 물통이 냉장고에 있는게 아니라 청소 물통(?)같은 것과 함께 놓여있고 재료들은 특히 배추는 너무 크게 썰려있어 담기도 싫었고요. 잘쓰면 더 청결할 키친타올도 계속 젖어있는 상태로 있다가 그걸로 테이블을 닦더라고요. 친절도 : 어짜피 계산시간 빠르다고 손님 더 오는 것도 아...,1,서울 강남구 테헤란로4길 6 센트럴애비뉴 지하1층 B113호 (우)06232
231,라공방 강남1호 본점,2020.11.09.,가지마세요 위생 청결 최악 ㅡㅡ,1,서울 강남구 테헤란로4길 6 센트럴애비뉴 지하1층 B113호 (우)06232
232,라공방 강남1호 본점,2020.11.03.,오픈초에는 진짜 깔끔했는데 갈수록...,2,서울 강남구 테헤란로4길 6 센트럴애비뉴 지하1층 B113호 (우)06232
233,라공방 강남1호 본점,2020.11.01.,기대하고 갔는뎁..싱겁고 음 재료에 간이 하나도 베어있지 않았다..ㅠㅠ  글구 직원도 좀 불친절..ㅎㅎ,1,서울 강남구 테헤란로4길 6 센트럴애비뉴 지하1층 B113호 (우)06232
234,라공방 강남1호 본점,2020.10.17.,보통이에요,3,서울 강남구 테헤란로4길 6 센트럴애비뉴 지하1층 B113호 (우)06232
235,라공방 강남1호 본점,2020.09.21.,마라샹궈 맛집,4,서울 강남구 테헤란로4길 6 센트럴애비뉴 지하1층 B113호 (우)06232
236,라공방 강남1호 본점,2020.09.16.,2018년 처음 갔을때 제가 땅콩소스 좋아하는데 셀프바가 있길래 너무 좋아서 종종 가다가 얼마전에 오랜만에 가니까 맛이 변한건지 별로더라구요 그리고 후기에 본인이 주문안한 재료가 들어있다는거 봤는데 저도 떡국떡 넣은적 없는데 들어있더라구요 ㅋㅋㅋㅋㅋㅋㅋ 마라탕에 떡국떡을 넣어서 먹은적이 한번도 없는데ㅋㅋㅋㅋ 암튼 그뒤로 위생에 대해서 찝찝하고 맛도 변한거 ...,2,서울 강남구 테헤란로4길 6 센트럴애비뉴 지하1층 B113호 (우)06232
237,라공방 강남1호 본점,2020.09.16.,마라샹궈 먹었는데 나름 맛나고 좋았음 매장이 좀 길쭉한 구존데 책상은 또 엄청 많아서 오다니긴 불편함 ,4,서울 강남구 테헤란로4길 6 센트럴애비뉴 지하1층 B113호 (우)06232
238,라공방 강남1호 본점,2020.09.08.,맛은 있음 근데 중국인 직원 종내 불친절 끝판왕ㅋㅋㅋㅋㅋ 같이 간 친구들 기분 다 잡침 ㅋㅋㅋ 절얼대 안 감 차라리 2호점 고,1,서울 강남구 테헤란로4길 6 센트럴애비뉴 지하1층 B113호 (우)06232
239,라공방 강남1호 본점,2020.08.19.,와 진짜 대박 맛없어 그냥 맛이 안느껴져 와 이게 무슨 마라탕이야 진짜 세입 먹고 걍나옴 내 피같은 9천원 ㅡㅡ,1,서울 강남구 테헤란로4길 6 센트럴애비뉴 지하1층 B113호 (우)06232
240,라공방 강남1호 본점,2020.08.04.,중국인 직원들 불친절함.  어떻게 분점까지 냈는지 의문인 맛... ,1,서울 강남구 테헤란로4길 6 센트럴애비뉴 지하1층 B113호 (우)06232
241,라공방 강남1호 본점,2020.08.04.,재료 신선도 개별로고 직원분도 안 친절하고 테이블이랑 접시도 안깨끗해요 ㅠㅠㅠ 평점보고 오지말걸 사람은 왜 많은지 모르겠어요 1단계 먹었는데 진라면 순한맛에 밥말아먹는거 같았아요,1,서울 강남구 테헤란로4길 6 센트럴애비뉴 지하1층 B113호 (우)06232
242,라공방 강남1호 본점,2020.07.29.,별로예요,1,서울 강남구 테헤란로4길 6 센트럴애비뉴 지하1층 B113호 (우)06232
243,라공방 강남1호 본점,2020.07.25.,"저는 여기 좋아해서 한 달에 한 번은 오는 것 같아요. 마라탕은 쏘쏘인데 샹궈가 마약임. 보통 마라탕 2단계, 샹궈 1단계로 먹으면 딱이더라구요!",4,서울 강남구 테헤란로4길 6 센트럴애비뉴 지하1층 B113호 (우)06232
244,라공방 강남1호 본점,2020.07.17.,두부에서 썩은맛 나요.... 그리고 샹궈가 국물이 너무 많음 ㅋㅋㅋㅋ 버섯은 괜춘,1,서울 강남구 테헤란로4길 6 센트럴애비뉴 지하1층 B113호 (우)06232
245,라공방 강남1호 본점,2020.07.16.,진짜 맛없어요 정말이에요 이게 맛있다는 분들은 마라탕을 모르는겁니다 제가 중국 현지 생활 11년 했는데 하루에 한끼는 무조건 마라탕 먹었어요 한국에서 마라탕 유행하기 전에 마라탕집 생기면 무조건 가보고 맛있나 확인해볼정도로 마라탕처돌이입니다 - 이 가게에 문제는 일단 맛이 ○○○ 없다는거에요 맹물에 데쳤다 빼는지 뭔 맛이 안나요 국물나온거 째끔 먹어봤는데 ...,1,서울 강남구 테헤란로4길 6 센트럴애비뉴 지하1층 B113호 (우)06232
246,라공방 강남1호 본점,2020.06.13.,"채소 씻는거 봣는데, 씻는게 아니고 그냥 채소담긴 통에 물받았다가 버리고 나옴 위생도 더럽고, 직원은 진짜 배부른장사하니깐 가지마세요  두명인데 4인석이 자리밖에 없어서 거기 앉아서 주문하고 왓더니 2인석 자리가 빠졋고 직원이 저리가시라고;;; 그래서 왜그러냐 햇더니 대답안하다가 재차 물으니 저희 밥시간요! 화난사람마냥 대답하길래 진짜 한소리할까하다가 참는...",1,서울 강남구 테헤란로4길 6 센트럴애비뉴 지하1층 B113호 (우)06232
247,라공방 강남1호 본점,2020.06.09.,불친절해요 진짜 ㅋㅋ 물어딨냐고 물어보면 그냥 눈짓으로 슬쩍 흘기고  중국인들만있어서 말도 못알아듣고 위생상태도 최악,1,서울 강남구 테헤란로4길 6 센트럴애비뉴 지하1층 B113호 (우)06232
248,라공방 강남1호 본점,2020.05.31.,직원들 한국말 진짜 못알아들음 최소한의 의사소통은 가능하셔야 하는 거 아닐까요 ...ㅋ 가까워서 왔다가 황당한 경험하고 가네요 여기 어차피 식당가인데 다른데갈걸그랬어요 서비스만 문제가아니라 재료가 익지도않은채로 나오네요 황당ㅋㅋ1점도아까워요 마이너스점수로 깎고싶음,1,서울 강남구 테헤란로4길 6 센트럴애비뉴 지하1층 B113호 (우)06232
249,라공방 강남1호 본점,2020.05.28.,아 진짜 내가 담지도 않은 연근이 내 마라탕에서 나오질 않나.. 면이라고는 중국당면만 골랐는데 이상한 칼국수 면이 나오질 않나ㅠㅠ역겨워요ㅋㅋㅋ 분모자는 팅팅 불어서 쫄깃한 맛 보다는 그냥 흐물거리고 그리고 육수... 탄탄면같아요 땅콩 넘 진함 마라탕 같지가 않아요 재방문 의사 절대 없어요,1,서울 강남구 테헤란로4길 6 센트럴애비뉴 지하1층 B113호 (우)06232
250,라공방 강남1호 본점,2020.03.12.,맛이나 친절도를 떠나서 주방에 계신분들 마스크 하셔야하지 않을까요? 요즘 코로나로 예민한데 이런부분 신경써주세요. ,3,서울 강남구 테헤란로4길 6 센트럴애비뉴 지하1층 B113호 (우)06232
251,라공방 강남1호 본점,2020.02.17.,그동안 왜 많은 분들이 불친절하다고 하셨는지 어떤 이유에서 그랬는지 직접 가보니 이해가 되었습니다.  엄청 불친절하다 이건 아니고 그냥 그분들이 딱히 친절하려고 노력하는 모습도 아니고 노력해야 할 필요성도 느끼지 못 하시는 것 같아요. 반대로 일부러 막 불친절해야지 하는 것도 아니었습니다.   이게 사람이 없는 늦은 오후 시간에 방문하였을 때 응대였다면 사...,2,서울 강남구 테헤란로4길 6 센트럴애비뉴 지하1층 B113호 (우)06232
252,라공방 강남1호 본점,2020.02.14.,예전엔 맛있었는데 맛이 확 변함.. 웨이팅 엄청 줄었다 싶어서 신나서 왔더니.. 줄어든 이유가 있는듯.. 한때 맛있었는데 ㅠㅠ 그냥 집에서 해먹을듯...,1,서울 강남구 테헤란로4길 6 센트럴애비뉴 지하1층 B113호 (우)06232
253,라공방 강남1호 본점,2020.01.27.,한때 자주갔는데 포스넘어 주방쪽 위생이 좀...ㅜ,1,서울 강남구 테헤란로4길 6 센트럴애비뉴 지하1층 B113호 (우)06232
254,라공방 강남1호 본점,2020.01.26.,정말 불친절한 동시에 샹궈가 정말 맛있습니다,4,서울 강남구 테헤란로4길 6 센트럴애비뉴 지하1층 B113호 (우)06232
255,라공방 강남1호 본점,2020.01.14.,줄서있을까봐 가기전에 전화해서 물어보니까 사장님이 자리있다고 해서 급하게 갔는데 3분도 안지났는데 줄서있었음 회사분들대리고 뛰어간거였어서 민망했음 후 사장님 가게나나와서 그런말하시길 개빡 팍씨 별한개도 안주고싶음,1,서울 강남구 테헤란로4길 6 센트럴애비뉴 지하1층 B113호 (우)06232
256,라공방 강남1호 본점,2020.01.08.,불친절의 끝판왕,1,서울 강남구 테헤란로4길 6 센트럴애비뉴 지하1층 B113호 (우)06232
257,라공방 강남1호 본점,2020.01.08.,일단 절대 가지마세요!!!! ——————————————————————— 여기 오픈했을 때만해도 웨이팅은 옆집 아오리라멘에만 줄스고 손님 너무 없을 시절에는 엄청 맛있었는데 어느덧 웨이팅이 생기고 원래 계시던 사장님(?)지배인(?) 이신분은 가게를 파셨는지 안계시고  근처 다른마라탕가게에서 보이시고 생각나서 몇번 겨우 웨이팅해서 먹을때마다 ——————————...,1,서울 강남구 테헤란로4길 6 센트럴애비뉴 지하1층 B113호 (우)06232
258,라공방 강남1호 본점,2019.12.16.,마라탕은 무난하게 먹을만하고 꿔바로우가 좀 실망ㅠㅠ 한번 정도는 줄서서 먹을 수 있는 맛,3,서울 강남구 테헤란로4길 6 센트럴애비뉴 지하1층 B113호 (우)06232
259,라공방 강남1호 본점,2019.12.09.,0점이 없어서 어쩔수 없이 1점을 누를수 밖에 없는 리뷰.. 진짜 리뷰보고 사람들이 별로라 하고 가지 말라면 좀 가지마세요!!!!!!!!!!!!!!!!! 진짜 너무 맛없어서 토할거같아요.. 진짜 마라탕은 그냥 무맛이에요. 진짜 물을 한바가지 넣은맛이라 재료를 그냥 땅꽁 끓인 물에 담궈 먹는맛임. 꿔바로우는 안에 뭔 가짜고기를 넣었나 잘 씹히지 않을정도로 질...,1,서울 강남구 테헤란로4길 6 센트럴애비뉴 지하1층 B113호 (우)06232
260,라공방 강남1호 본점,2019.12.08.,굳이 기다리지 마세요.......ㅠㅠ 꿔바로우 찹쌀 너무 적어요 마라탕 국물은 약간 물탄맛?,2,서울 강남구 테헤란로4길 6 센트럴애비뉴 지하1층 B113호 (우)06232
261,라공방 강남1호 본점,2019.11.30.,"마라탕 먹고싶을때 자리 있으면 가는 정도. 웬만하면 꿔바로우는 시키지 마세요. 딱딱하고 찹쌀 거의 없음.  줄 서서 먹을 만한 가게는 아니고, 마라맛보다는 그냥 매운맛이 더 강하네요. 맛 3개에서 직원 서비스가 너무 별로라 별 하나 뺍니다.",2,서울 강남구 테헤란로4길 6 센트럴애비뉴 지하1층 B113호 (우)06232
262,라공방 강남1호 본점,2019.11.30.,보통이에요,3,서울 강남구 테헤란로4길 6 센트럴애비뉴 지하1층 B113호 (우)06232
263,라공방 강남1호 본점,2019.11.13.,마라탕이 아닌 수준의 맛  줄 서길래 기대했는데 완전 실망 ㅠ 뀌바로우도 딱딱함 ,1,서울 강남구 테헤란로4길 6 센트럴애비뉴 지하1층 B113호 (우)06232
264,라공방 강남1호 본점,2019.11.10.,맛자체는 나쁘지 않음 마라탕 처음 입문한 가게임 사람들 줄서서 먹길래 여기 와본것 근데 직원들이 중국인 같은데 너무 불친절함 이 불친절함을 참으면서 먹을정도 맛은 아님. 그냥 중국판 육개장 같앗다,1,서울 강남구 테헤란로4길 6 센트럴애비뉴 지하1층 B113호 (우)06232
265,라공방 강남1호 본점,2019.10.16.,보통이에요,3,서울 강남구 테헤란로4길 6 센트럴애비뉴 지하1층 B113호 (우)06232
266,라공방 강남1호 본점,2019.10.16.,여기 사람들도 잘 모르고 막 생겼을 때 정말 맛있게 잘 먹었습니다. 마라샹궈라는 음식을 처음 먹어본게 여기고 먹는 순간 너무 반해서 한 달 내내 먹다가 위궤양까지 생겼을 정도니까요. 사람들이 많이 알게 돼서 이 맛있는 음식점이 유명해지고 사장님도 돈 많이 버시겠구나 좋아했는데..   새로 인테리어하고 두 번째 갔을 때 사장님이 안계시더라고요. 그 때 맛이 ...,2,서울 강남구 테헤란로4길 6 센트럴애비뉴 지하1층 B113호 (우)06232
267,라공방 강남1호 본점,2019.10.14.,재료가 간이 하나도 안배어있음. 국물도 맛이 무슨 맛이라고 표현하기 힘든 2%음료 맛임(2단계인데도) 마라탕 싸고 진짜 맛있는 곳은 이태원 샹라씨에입니다. 굳이 구우우우ㅜ욷이 여기 와서 저처럼 혀 화나게 하지 마시고 샹라씨에같은 곳에라도 가세요. ,1,서울 강남구 테헤란로4길 6 센트럴애비뉴 지하1층 B113호 (우)06232
268,라공방 강남1호 본점,2019.10.13.,꿔바로우 ㄱㅊ,3,서울 강남구 테헤란로4길 6 센트럴애비뉴 지하1층 B113호 (우)06232
269,라공방 강남1호 본점,2019.09.30.,맛있는데 기다릴 정도인지는 잘..,3,서울 강남구 테헤란로4길 6 센트럴애비뉴 지하1층 B113호 (우)06232
270,라공방 강남1호 본점,2019.09.29.,자기 좋아하는 재료 넣고 자기가 좋아하는 소스에 찍어먹으니까 중간은합니다... 건너편 집보다는 맛있음.. 위생은 그닥,3,서울 강남구 테헤란로4길 6 센트럴애비뉴 지하1층 B113호 (우)06232
271,라공방 강남1호 본점,2019.09.26.,마라샹궈랑 꿔바로우 맛있어요! 마라샹궈 너무 짤 때 있는데 그부분은 아쉬워요~ 어느 시간대 가더라도 웨이팅이 심하니 참고하세요ㅠ 재방문O,4,서울 강남구 테헤란로4길 6 센트럴애비뉴 지하1층 B113호 (우)06232
272,라공방 강남1호 본점,2019.09.26.,보통이에요,3,서울 강남구 테헤란로4길 6 센트럴애비뉴 지하1층 B113호 (우)06232
273,라공방 강남1호 본점,2019.09.25.,예전에 이정도까진 아니였는데 맛없어졌어요 꿔바로우는 탕수육이랑 구분이안가고 세명따로 마라탕 같은 맵기로 주문했는데 색이다다름^^ 제 마라탕 너무 안맵고 연해서 이거 중간맛맞냐 다시 맵기 조절해달라니까 뭐하는척 가져가서 그대로나옴,1,서울 강남구 테헤란로4길 6 센트럴애비뉴 지하1층 B113호 (우)06232
274,라공방 강남1호 본점,2019.09.10.,보통이에요,3,서울 강남구 테헤란로4길 6 센트럴애비뉴 지하1층 B113호 (우)06232
275,라공방 강남1호 본점,2019.08.27.,진짜 진심 맛없어요 일부러 웨이팅 많아보이게 하려고 음식 겁나 느리게 나오고 방금 나온 마라탕이 미지근함 너무 맛없어서 먹고 나오면서 웨이팅하시는 분들한테  기다리지 말라고 말리고 싶을정도,1,서울 강남구 테헤란로4길 6 센트럴애비뉴 지하1층 B113호 (우)06232
276,라공방 강남1호 본점,2019.08.22.,줄 엄청 서있길래 맛집인줄 알았는데...아니에요 ㅠ,1,서울 강남구 테헤란로4길 6 센트럴애비뉴 지하1층 B113호 (우)06232
277,라공방 강남1호 본점,2019.08.16.,왜 맛집인부분..?,1,서울 강남구 테헤란로4길 6 센트럴애비뉴 지하1층 B113호 (우)06232
278,라공방 강남1호 본점,2019.08.14.,이 더운날에 밖에서 기다리라고 하는데 표정도 싸가지없음 반말하는듯 존대말하는데 기분나빴음 직원 태도 개별로라하는데 맞는말인듯ㅎ,1,서울 강남구 테헤란로4길 6 센트럴애비뉴 지하1층 B113호 (우)06232
279,라공방 강남1호 본점,2019.08.11.,"유명해지기 전 텅텅 비어있을 때부터 너무 맛있어서 좋아했고 유명해진 다음에도 줄서서 먹었는데, 최근에 맛이 변함... 이제 안갈듯",2,서울 강남구 테헤란로4길 6 센트럴애비뉴 지하1층 B113호 (우)06232
280,라공방 강남1호 본점,2019.08.02.,좋아요,4,서울 강남구 테헤란로4길 6 센트럴애비뉴 지하1층 B113호 (우)06232
281,라공방 강남1호 본점,2019.07.19.,1점도 아깝다 비싸고 맛없고 불친절함 마라탕에서 왜 참기름 향이 나는지도 모르겠고 마라탕인데 마라 맛은 하나도 없고 그냥 캡사이신 맛,1,서울 강남구 테헤란로4길 6 센트럴애비뉴 지하1층 B113호 (우)06232
282,라공방 강남1호 본점,2019.07.11.,라공방 자체가 맛집으로 유명해서 맛은 괜찮았는데 대기도 엄청 길었고 일하시는 분들 태도도 한 분 빼고는 별로인데다가 카운터 보시는 분은 진짜 태도가 일 그만두셔야할 수준이었어요 계산할 때부터 표정 너무 안 좋고 반응도 안해주고 저희가 다른카드로 계산하느라 취소하고 다시 부탁드려도 되냐고 죄송하다고 정중하게 말씀드렸는데 표정진짜 썩으시면서 말도 툭툭뱉고 그러...,2,서울 강남구 테헤란로4길 6 센트럴애비뉴 지하1층 B113호 (우)06232
283,라공방 강남1호 본점,2019.06.20.,마라샹궈 맵기를 2단계로 해서 그런지 하나도 안맵고 너무 맛있었음 .. 양 조절을 잘해야할듯   2019.06.19 주방장님이 바뀌었나... 주인이 바뀌었나.. 예전맛이 아니네ㅠ 실망쓰 ㅋㅋ,3,서울 강남구 테헤란로4길 6 센트럴애비뉴 지하1층 B113호 (우)06232
284,라공방 강남1호 본점,2019.05.21.,맛집이 있을곳이 아닌거 같고 식당 이름도 안보이는에 줄은 또 얼마나 길어 게다가 바로 앞에 크고 밝은 식당이 또 있다니 그래도... 꼭 기다려서 여기서 먹어야 함. 그럴만 함.,5,서울 강남구 테헤란로4길 6 센트럴애비뉴 지하1층 B113호 (우)06232
285,라공방 강남1호 본점,2019.05.07.,맛있긴한데 아무래도 중국인이 해서 그런가 개개개개불친절해요 ㅋㅋ 다시안가용,4,서울 강남구 테헤란로4길 6 센트럴애비뉴 지하1층 B113호 (우)06232
286,라공방 강남1호 본점,2019.04.15.,보통이에요,3,서울 강남구 테헤란로4길 6 센트럴애비뉴 지하1층 B113호 (우)06232
287,라공방 강남1호 본점,2019.04.08.,사람많음 좁음 빡침,4,서울 강남구 테헤란로4길 6 센트럴애비뉴 지하1층 B113호 (우)06232
288,라공방 강남1호 본점,2019.03.23.,거부감없이도 먹을수있는 맛입니다 그런데 이렇게 웨이팅이 많고 긴데 번호표나 전화 혹은 웨이팅프로그램 하나 안하시나요.. 불금에 7시에가서 9시에 식사했습니다 기다림이 길어지면 화만 나는법인데요... 포장도 되는거같으니 집이 가까운분들은 포장하세요.. ,4,서울 강남구 테헤란로4길 6 센트럴애비뉴 지하1층 B113호 (우)06232
289,라공방 강남1호 본점,2019.03.18.,좋아요,4,서울 강남구 테헤란로4길 6 센트럴애비뉴 지하1층 B113호 (우)06232
290,라공방 강남1호 본점,2019.03.14.,약간 현지화 된 마라탕이라는 아쉬움....그래도 강남역에서 먹을 수 있다는 것에 감사.. 두번째 방문에서 3단계 먹었음....좀 매워지긴 했는데 그렇다고 마라향이 진해지지 않은 아쉬움 살인적인 웨이팅을 견딜 수 있다면 방문 줄이 길다고 건너편 집에 가는 우를 범하지는 말자  마라상궈가 완전 맛있음,4,서울 강남구 테헤란로4길 6 센트럴애비뉴 지하1층 B113호 (우)06232
291,라공방 강남1호 본점,2019.03.13.,맛은있는데 대기줄이너무 길어요.. 이렇게 추울때는 번호표라도 주시지 한시간 20분 웨이팅 실화입니까 ㅠ,2,서울 강남구 테헤란로4길 6 센트럴애비뉴 지하1층 B113호 (우)06232
292,라공방 강남1호 본점,2019.02.23.,기대 많이했는데 마라맛 많이 안났음. 걍 맵기만 했음.. 마라 혼모노가 갈 만한 곳은 아닌듯. 그래도 재료 상태 좋고 소스 만들어 먹을 수 있고 밥 무료인 점은 좋았음,3,서울 강남구 테헤란로4길 6 센트럴애비뉴 지하1층 B113호 (우)06232
293,라공방 강남1호 본점,2019.02.17.,줄서서 먹을 정도 인지는.. 그래도 맛은 괜찮아요,4,서울 강남구 테헤란로4길 6 센트럴애비뉴 지하1층 B113호 (우)06232
294,라공방 강남1호 본점,2019.02.10.,보통이에요,3,서울 강남구 테헤란로4길 6 센트럴애비뉴 지하1층 B113호 (우)06232
295,라공방 강남1호 본점,2019.01.27.,맛은 있지만 웨이팅 너무 심함.. 돈도 많ㅇㅣ 버셨을텐데 웨이팅머신좀 들여놓으세요.. 추운데 밖에서 다들 덜덜거리며 줄서있음.,5,서울 강남구 테헤란로4길 6 센트럴애비뉴 지하1층 B113호 (우)06232
296,라공방 강남1호 본점,2018.12.21.,존맛태에에에엥 한국에서 먹어본 마라탕중에 제일 맛있음 맵기가 처음시킨 보통맛은 신라면 보다 매웠는데 두번째 시킨 보통맛은 아예 1더 안매웠음 다음엔 꼭 매운맛 먹어야지이이잉 또먹고싶다아아아,5,서울 강남구 테헤란로4길 6 센트럴애비뉴 지하1층 B113호 (우)06232
297,라공방 강남1호 본점,2018.12.19.,마라탕 샹궈 꿔바로우 전부 나름 괜찮음 가격이 저렴하진않지만 자주 가는곳 ,5,서울 강남구 테헤란로4길 6 센트럴애비뉴 지하1층 B113호 (우)06232
298,라공방 강남1호 본점,2018.11.30.,짱맛,5,서울 강남구 테헤란로4길 6 센트럴애비뉴 지하1층 B113호 (우)06232
299,라공방 강남1호 본점,2018.11.09.,좋아요,4,서울 강남구 테헤란로4길 6 센트럴애비뉴 지하1층 B113호 (우)06232
300,라공방 강남1호 본점,2018.10.29.,맛잇구요 근데 일부 재료가 덜익은게 잇어요,4,서울 강남구 테헤란로4길 6 센트럴애비뉴 지하1층 B113호 (우)06232
301,라공방 강남1호 본점,2018.10.19.,좋아요,4,서울 강남구 테헤란로4길 6 센트럴애비뉴 지하1층 B113호 (우)06232
302,라공방 강남1호 본점,2018.09.23.,샹궈 먹었는데 탕 먹고싶다. 양념맛이 좋다. 꿔바로우는 그닥...,3,서울 강남구 테헤란로4길 6 센트럴애비뉴 지하1층 B113호 (우)06232
303,라공방 강남1호 본점,2018.09.20.,마라탕 진짜 맛있어요 b 샹궈보다는 탕을 추천드립니다 ㅋㅋ 꿔바로우는 제 기준 신맛?이 좀 덜했어요. 저는 코를 찌르는 신내를 좋아해서 ㅠㅠ ,5,서울 강남구 테헤란로4길 6 센트럴애비뉴 지하1층 B113호 (우)06232
304,라공방 강남1호 본점,2018.09.16.,보통이에요,3,서울 강남구 테헤란로4길 6 센트럴애비뉴 지하1층 B113호 (우)06232
305,라공방 강남1호 본점,2018.06.28.,처음 먹어보는데 너무 맛있아염 꿔바로우 필수 하얼빈 필수,5,서울 강남구 테헤란로4길 6 센트럴애비뉴 지하1층 B113호 (우)06232
306,라공방 강남1호 본점,2018.03.10.,보통이에요,3,서울 강남구 테헤란로4길 6 센트럴애비뉴 지하1층 B113호 (우)06232
307,라공방 강남1호 본점,2017.12.16.,"늦지않은 시간에 갔는데도 꿔바로우가 안되는상태였고 사장님이 마라샹궈 불닭보다 덜맵다고 하셨지만 2단계도 정말 맵고 속이 쓰립니다ㅜㅜ (불닭 그럭저럭 먹는사람) 그리고 짜고, 콴펀(납작당면)을 너무 불려놔서 별로였어요. 중국과 대림 등지에서 마라샹궈 많이먹어봤는데 이곳 마라샹궈 별로입니다 ",1,서울 강남구 테헤란로4길 6 센트럴애비뉴 지하1층 B113호 (우)06232
308,미미램양꼬치,2020.11.16.,맛있고 서비스도 좋음,5,서울 마포구 성미산로 196 상암빌딩 1층 (우)03982
309,미미램양꼬치,2020.11.11.,평이 갈리던데 개인적으로 괜찮았습니다,4,서울 마포구 성미산로 196 상암빌딩 1층 (우)03982
310,미미램양꼬치,2020.10.03.,가성비 굿,5,서울 마포구 성미산로 196 상암빌딩 1층 (우)03982
311,미미램양꼬치,2020.09.29.,가성비 최고,5,서울 마포구 성미산로 196 상암빌딩 1층 (우)03982
312,미미램양꼬치,2020.09.19.,양꼬치 무한리필이면 대부분 별로인데 여기는 맛있어요 ,5,서울 마포구 성미산로 196 상암빌딩 1층 (우)03982
313,미미램양꼬치,2020.09.07.,오늘 다섯시 반쯤 마라탕 먹고옴 요리사가 대충하지 않고 시간을 들여 만들어 나옴 한 그릇을 시켰는데도! 상당히 완성도가 높은 마라탕! 고기는 안들어 있음 고기 추가 하면 7000에 3000원 추가. 다음엔 양꼬치도 먹어 봐야겠음. 전반적으로 가게환경이 살짝 아쉬움 근데 그게 오히려 중국필이라 난 좋은데 호불호 있을거임.,4,서울 마포구 성미산로 196 상암빌딩 1층 (우)03982
314,미미램양꼬치,2020.08.22.,조금 아쉬워요,2,서울 마포구 성미산로 196 상암빌딩 1층 (우)03982
315,미미램양꼬치,2020.08.06.,꼬치를 내 마음대로 담을 수 있어서 무엇보다 서비스로 2개의 메뉴를 줘서 최고인거 같아요 입가심하기 좋음,5,서울 마포구 성미산로 196 상암빌딩 1층 (우)03982
316,미미램양꼬치,2020.07.09.,무한리필에 요리 2메뉴 주는건 정말 최고에요~ 아쉬운건 요리 맛... 온면을 시켰는데 김치국에 국수말아주는 맛이고 양념된 꼬치류는 정말 무슨 양념인지 모르겠는... 고기 질은 정말 다 괜찮았어요!,3,서울 마포구 성미산로 196 상암빌딩 1층 (우)03982
317,미미램양꼬치,2020.06.23.,식사류도 싸고 맛있음 !!!!!!!! 양도 많음 개쩌는곳,5,서울 마포구 성미산로 196 상암빌딩 1층 (우)03982
318,미미램양꼬치,2020.06.03.,가성비 갑! 꼬치가 20개부터 주문 가능한데 그냥 맘 편하게 무한리필 드세요~,4,서울 마포구 성미산로 196 상암빌딩 1층 (우)03982
319,미미램양꼬치,2020.06.03.,최고예요,5,서울 마포구 성미산로 196 상암빌딩 1층 (우)03982
320,미미램양꼬치,2020.02.23.,가성비갑!!! 이 가격에 안갈이유가 없어요. 양념보단 그냥 순후추 양꼬치가 맛있네요. 또 가고싶네요. ,4,서울 마포구 성미산로 196 상암빌딩 1층 (우)03982
321,미미램양꼬치,2019.11.30.,양꼬치 맛있네요 닭똥집도 꿀맛,4,서울 마포구 성미산로 196 상암빌딩 1층 (우)03982
322,미미램양꼬치,2019.10.30.,보통이에요,3,서울 마포구 성미산로 196 상암빌딩 1층 (우)03982
323,미미램양꼬치,2019.10.12.,가격에서 확실히 강점,4,서울 마포구 성미산로 196 상암빌딩 1층 (우)03982
324,만성찬팅,2020.11.24.,보통이에요,3,서울 관악구 신림로 322-4 1층 (우)08777
325,만성찬팅,2020.11.13.,가성비 근데 간이 쎔,3,서울 관악구 신림로 322-4 1층 (우)08777
326,만성찬팅,2020.11.10.,가성비 너무 먹기 좋은곳 맛도 잇음 굿굿,4,서울 관악구 신림로 322-4 1층 (우)08777
327,만성찬팅,2020.11.06.,딴거 다 필요없고 여기 4천원짜리 탄탄멘을 먹고 저의 성공시대 시작됐다 나를 찾는회사 많아졌다 너무 맛있는데 면이랑 고기양이 아쉽지만 가성비생각하면 만족스럽습니다 물론 일본식 탄탄멘 아니고 매운겁니다,5,서울 관악구 신림로 322-4 1층 (우)08777
328,만성찬팅,2020.10.26.,싸고 많이 빨리. 메뉴들이 대체로 간이 세다보나 볶음밥 필수! ,4,서울 관악구 신림로 322-4 1층 (우)08777
329,만성찬팅,2020.10.11.,헐 반찬재사용이요? 근데 내가 알바했던 식당 대부분은 반찬 재사용함^^ㅋㅋㅋㅋㅋㅋㅋ,5,서울 관악구 신림로 322-4 1층 (우)08777
330,만성찬팅,2020.10.10.,저렴하고 양은 약간 적어서 다양하게 시키기 좋음. 웨이팅이 있다.  근데 반찬 재활용한다고 평가가 별로네... 난 못봐서 모르겠음,4,서울 관악구 신림로 322-4 1층 (우)08777
331,만성찬팅,2020.09.24.,가성비가 좋은곳,5,서울 관악구 신림로 322-4 1층 (우)08777
332,만성찬팅,2020.09.19.,양꼬치.무제한. 없어졌으니. 참고.하시길. 가게.이전.함.,3,서울 관악구 신림로 322-4 1층 (우)08777
333,만성찬팅,2020.08.31.,좋아요,4,서울 관악구 신림로 322-4 1층 (우)08777
334,만성찬팅,2020.08.15.,양은 대따 많고 맛은.평균 이상 부담없이 갈만합니다,4,서울 관악구 신림로 322-4 1층 (우)08777
335,만성찬팅,2020.08.08.,가성비좋아요 온면은 별로였어욤 새우요리가 맛있음,4,서울 관악구 신림로 322-4 1층 (우)08777
336,만성찬팅,2020.08.05.,별로예요,1,서울 관악구 신림로 322-4 1층 (우)08777
337,만성찬팅,2020.07.15.,^~^,5,서울 관악구 신림로 322-4 1층 (우)08777
338,만성찬팅,2020.07.11.,"무한리필이라 높은질을 생각하는 건 무리고 맛은 괜찮고 만족했다. 마라가루, 초장, 쯔란 맛있는 편이다.  반찬재활용은 보지못해서 잘 모르겠고  직원들 친절도는 한 30대? 외국여자분 빼곤 불친절하다 느낀건 없었다. 꼬치 주문하고 반찬 빠뜨려서 다시 이야기했는데 대놓고 기가찬다는듯이 하 콧방귀끼고 가져다주길래 너무 대놓고 불친절해서 당황했다.  + 리모델링 ...",3,서울 관악구 신림로 322-4 1층 (우)08777
339,만성찬팅,2020.05.24.,무한리필이 아니게 되었지만. 양꼬치를 직접 구워주셔서 맛은 더 좋아진거 같습니다. 깔끔해져서 노포의 느낌은 사라졌지만. 음식은 여전히 싸고 맛있네요. ,5,서울 관악구 신림로 322-4 1층 (우)08777
340,만성찬팅,2020.03.01.,가격도 저렴하고 음식도 괜찮아요. 다만 직원분들 현지인 같은 느낌이라 의사사통이 조금 힘들어요,5,서울 관악구 신림로 322-4 1층 (우)08777
341,만성찬팅,2020.02.17.,보통이에요,3,서울 관악구 신림로 322-4 1층 (우)08777
342,만성찬팅,2020.02.14.,만성찬팅 양꼬치 무한리필 사라지고 2번 출구로 나와서 걸어가다 나오는 왼쪽 골목 안으로 이전했어요! 이번주부터 재오픈했다고 하시네요. 현재 요리 메뉴 위주로 판매하지만 저렴하면서도 양도 푸짐하고 맛있는 건 여전합니다~,5,서울 관악구 신림로 322-4 1층 (우)08777
343,만성찬팅,2020.02.13.,꼬치는 질이 너무 별로라 무한리필집 치고도 불만족했는데 사이드메뉴는 양과 맛 둘다 아주아주 만족스러워서 항상 사이드메뉴만 시켜먹으러 갑니다. 참고로 주말엔 꼬치주문 필수라 사이드만 시킬거면 평일에 가셔야할거예요. 요즘기준 평일 저녁 6시반~7시부터 웨이팅 시작됩니다.,5,서울 관악구 신림로 322-4 1층 (우)08777
344,만성찬팅,2020.02.03.,보통이에요,3,서울 관악구 신림로 322-4 1층 (우)08777
345,만성찬팅,2020.01.12.,양념 다양해서 맛있지만 배가 차기 시작하면 왠지 느끼하고 구역질남 이유는 모르겟음,2,서울 관악구 신림로 322-4 1층 (우)08777
346,만성찬팅,2019.12.21.,가격이 아무래도 싸기에(무한리필이기에) 그렇게 맛있다고 생각은 안듬.. 냉동이니까뭐..  그냥 돈없을때 가기좋음. 돈있으면 안감  딱히 불친절한 느낌은 못받음,3,서울 관악구 신림로 322-4 1층 (우)08777
347,만성찬팅,2019.11.25.,최고예요,5,서울 관악구 신림로 322-4 1층 (우)08777
348,만성찬팅,2019.11.23.,맛집이래서 갔는데 응대 대충해줌.  완자(?)를 굽는데 꼬치에 긴 머리카락이 말려있음. 기분 상함.  직원 불러서 여기 머리카락 있다 하니 멀뚱멀뚱 보더니  머리카락만 떼어서 가져감..   같이 간 둘다 뭔가 싶어서 멍때리다 바꿔달라 요청  그때서야 접시 가져가더니 다시 내옴.  ,1,서울 관악구 신림로 322-4 1층 (우)08777
349,만성찬팅,2019.11.11.,정말 맛없고 맛이 변했음 이제 다시 안갈것임,1,서울 관악구 신림로 322-4 1층 (우)08777
350,만성찬팅,2019.10.21.,비위생적임,1,서울 관악구 신림로 322-4 1층 (우)08777
351,만성찬팅,2019.10.06.,갈때마다 줄서서 기다리다 맛있게 마음껏 먹고왔는데... 사장님도 아주 친절하시고 꼬치추가시킬때도 친절하게 잘가져다 주시는데  특히 꿔바로우  강추합니다 ,5,서울 관악구 신림로 322-4 1층 (우)08777
352,만성찬팅,2019.10.01.,역시 후기가 안 좋을줄알았음. 두 번 갔는데 두 번 다 불친절..ㅎ 처음엔 바빠서 그러겠거니했는디(사실 바쁜거 그쪽사정이고 우리가 알아줄 필요도 없지만) 두번째가도 그대로...손님으로 왔는데 뭐 훔쳐먹으려는 도둑고양이 취급받는느낌,1,서울 관악구 신림로 322-4 1층 (우)08777
353,만성찬팅,2019.09.22.,가지마세요 절대 네버 ,1,서울 관악구 신림로 322-4 1층 (우)08777
354,만성찬팅,2019.09.22.,가지마시요,1,서울 관악구 신림로 322-4 1층 (우)08777
355,만성찬팅,2019.09.15.,음식 재사용 ㄴ ㄴ해 ,1,서울 관악구 신림로 322-4 1층 (우)08777
356,만성찬팅,2019.09.14.,이거 진짠가요? 못가겠네요~,1,서울 관악구 신림로 322-4 1층 (우)08777
357,만성찬팅,2019.09.13.,잔반 재활용을 숨기지도 않고 매우 당당하게 해서 놀랐다... 안보는데선 무슨 짓을 할지 모르겠음,1,서울 관악구 신림로 322-4 1층 (우)08777
358,만성찬팅,2019.09.12.,별로예요,1,서울 관악구 신림로 322-4 1층 (우)08777
359,만성찬팅,2019.09.12.,잔반 재활용,1,서울 관악구 신림로 322-4 1층 (우)08777
360,만성찬팅,2019.09.11.,사람들이 먹다남긴 단무지 설거지하던 고무장갑으로 뽀득뽀득 씻어서 재사용하는 집ㅋㅋㅋ 손님 개돼지 호구로 보는 사장 인성 이해 가능하고 비위 강한 사람만 가길,1,서울 관악구 신림로 322-4 1층 (우)08777
361,만성찬팅,2019.08.28.,가성비 갑. 고기 퀄리티는 당연히 비싼데랑 비교할 퀄리티가 아님. 하지만 가격이 저렴해서 뭐든 용서되는 집. 요리가 정말 싸고 맛있다. 옥수수온면 굿,5,서울 관악구 신림로 322-4 1층 (우)08777
362,만성찬팅,2019.08.14.,꼬치가 여러 종류가 섞여서 나온다. 다 같은 소스를 발라서 나오는건지 맛이 다 비슷비슷(?)하다. 그래서 가격이 조금 더 저렴한 것 같다! 무한리필로 아쉽지 않게 먹으려면 좋은 곳이지만 최상의 양꼬치맛을 찾는다면 적절하지 않은 곳 같다.,3,서울 관악구 신림로 322-4 1층 (우)08777
363,만성찬팅,2019.08.08.,무한리필인데 맛있었어요! ㅎㅎㅎㅎ냉면도 독특하고.. 새우랑 기본 양고기가 술안주로 좋았어요. 리필할 때 싫은티도 안내시고 가격도 저렴하고 좋아요!!,5,서울 관악구 신림로 322-4 1층 (우)08777
364,만성찬팅,2019.05.02.,"사장님 바뀌었다는 얘기를 들었는데, 가보니 예전에 없던 쿰쿰하고 비린냄새가 가게에서 났습니다. 꼬치를 익히는 중에 분홍빛 핏물이 발생하네요(그 전엔 없었음) 먹고 나서 그날 부터 며칠동안 폭풍설사 했습니다. 4일째 더 심해져서 약국에서 약먹고 겨우 진정됐네요 아직도 사람이 많은데 걱정됩니다",1,서울 관악구 신림로 322-4 1층 (우)08777
365,만성찬팅,2018.10.03.,"내가 원래 이런 리뷰는 안쓰는데 실명까고 너무빡쳐서 씀  일단 여기 맛은 별 3.5개쯤 됩니다(요리기준, 양꼬치는 별로에요)  중국 유학 4년 했어서 웬만한 중국요리 맛에 감흥이 없기는 하지만  중국산 사장님이라는 네임벨류 걸고 하는데 썩 그닥  아니 그것보다  오늘 이게 뭔 서비슨가 싶어 리뷰 씀  일단 동료랑 대기 타고있었음  오늘은 양꼬치는 부담되고해...",1,서울 관악구 신림로 322-4 1층 (우)08777
366,만성찬팅,2018.08.12.,좋아요,4,서울 관악구 신림로 322-4 1층 (우)08777
367,만성찬팅,2018.07.29.,"여기 리뷰쓰려고 앱 설치했습니다.  4~5년 전부터 양꼬치를 즐겨먹었습니다.  오늘 이집 다녀오고 새벽에 1시간동안 화장실에서 복통에 설사 지렸네요.  '무한리필' 이라는 말에 혹해서 후기가 좋은 것 같은데, 가기전에 꼭 리뷰 참고하시기 바랍니다.  - 진심으로 쓰는 후기  1. 반찬 : 수준 미달. 짜사이는 간 안맞고. 땅콩은 고소하지않고 눅눅함. 단무지...",1,서울 관악구 신림로 322-4 1층 (우)08777
368,만성찬팅,2018.07.29.,먹고나서 저녁에 배탈 엄청 났네요 남자친구랑 둘다 배탈났어요 퀄리티와 맛 서비스 다 별로였어요 양꼬치만 세번 리필하면 본전 뽑을 것 같은데 그마저도 맛이.. 무한리필만 믿고 가기에도 아쉽습니다,1,서울 관악구 신림로 322-4 1층 (우)08777
369,만성찬팅,2018.01.29.,지나갈 때마다 대기줄이 길어서 궁금했는데 먹어보니 엄청 맛있었어요. 근데 조금 많이 짜네요. ,4,서울 관악구 신림로 322-4 1층 (우)08777
370,만성찬팅,2017.12.25.,무한이고 냉동인것같지만 꽤맛있었다 짜장면이 싸고 맛이특이 꿔바로우도 설원이과두주,4,서울 관악구 신림로 322-4 1층 (우)08777
371,만성찬팅,2017.08.01.,좋아요,4,서울 관악구 신림로 322-4 1층 (우)08777
372,만성찬팅,,역시나 서비스얘기가있군.. 손님 막대하는 느낌 받고싶으면 꼭 가보세요 추천~,1,서울 관악구 신림로 322-4 1층 (우)08777
373,만성찬팅,,1년전에 진짜 맛있게먹었는데.. 지금은 맛있는지 모르겠다. 저번에 써빙하는 아주머니가 먼저 앉혀줘놓고 친구가 늦게왔다고 엄청 눈치주고 고기 빨리먹고 가란식으로 시키지도 않았는데 막 불에 고기 탁탁올리고 기분나빠서 그 후로 절대 안간다.,1,서울 관악구 신림로 322-4 1층 (우)08777
374,만성찬팅,,절대로 가지마요! 손님 먹고 있는데..  중국사람들 먼지 난리며 청소한다고... 맛도 그닥 별로임!!!,1,서울 관악구 신림로 322-4 1층 (우)08777
375,만성찬팅,,진짜 1년전에 만성과 지금의 만성은 너무나 다르다... 고기질이 정말 최악이다 턱이 빠져나갈꺼같다.. 배고픈 상태에서 갔는데도 10개이상 못먹었다..아니 안먹었다.. 업주사장님도 심각하게 고민한번 해보시길...고기 질이 너무 떨어집니다.. 친구랑 오랜만에 갔다가 실망이 너무나 컷다...,1,서울 관악구 신림로 322-4 1층 (우)08777
376,애정마라샹궈 본점,2020.11.23.,우리 집앞에 2호점 내줘... ,5,서울 성북구 동소문로20나길 11 2층 (우)02845
377,애정마라샹궈 본점,2020.11.05.,존맛임...,5,서울 성북구 동소문로20나길 11 2층 (우)02845
378,애정마라샹궈 본점,2020.11.02.,마라탕은 그냥 그랬고 꿔바로우가 특히 맛있어요,3,서울 성북구 동소문로20나길 11 2층 (우)02845
379,애정마라샹궈 본점,2020.10.24.,아 진심 완전 좋아하던 곳인데 실망..; 간만에 친구랑 갔는데 서버분들 안쓰러울 정도로 사람이 엄청나게 많음; 홀에서 나오는 모든 요구사항들을 감당하기 힘들어서 친절은 하시지만 서비스가 예전보다 현저히 떨어지네요.. 원래 항상 가면 달걀볶음밥이랑 마라샹궈랑 같이 먹는 거 좋아하는데 볶음밥 양이 진짜;;;;; 1인분? 정도 되는 양이 나와서 바로 말씀드리니 ...,2,서울 성북구 동소문로20나길 11 2층 (우)02845
380,애정마라샹궈 본점,2020.10.23.,"가격은 비싼데 마라샹궈, 마라탕 둘 다 먹어본것 중에 최고 코로나 끝나면 또 가야지",5,서울 성북구 동소문로20나길 11 2층 (우)02845
381,애정마라샹궈 본점,2020.10.16.,맛잇음 꿔바로우는 양 대비 비싸서 좀 비추.. 퇴근하다가 30분 웨이팅 해도 꼭 포장해오는집,4,서울 성북구 동소문로20나길 11 2층 (우)02845
382,애정마라샹궈 본점,2020.09.28.,건대 마라향솥과 함께 서울 마라샹궈 양대산맥 맛집,5,서울 성북구 동소문로20나길 11 2층 (우)02845
383,애정마라샹궈 본점,2020.09.14.,"개비쌈  야채랑 고기랑 따로 담게 돼있는데 기본가격이 각각 100g당 2000,3100  소시지도 고기에 포함된단거. 한명씩 담으면 최소 500g이상이여야 하구 2인분 평소담듯이 햇는데 14000원 평균적으로 나왔는데 19000원 나왔음 부들부들! ",1,서울 성북구 동소문로20나길 11 2층 (우)02845
384,애정마라샹궈 본점,2020.09.12.,마라샹궈 맛있어요 계란 볶음밥은 좀 아쉽 ㅠ,5,서울 성북구 동소문로20나길 11 2층 (우)02845
385,애정마라샹궈 본점,2020.08.22.,아니 여기 샹궈랑 탕은 맛있는데 꿔바로우 너무 창렬이에요ㅠㅠㅠ 매번 혼자가다가 이번에 마라맛 궁금해 하시는 부모님 모시고 간 김에 꿔바로우 시켜봤는데 16000짜리가 양이 심하게심하게 적어서 부모님도 실망하시고 전 괜히 민망하고 그랬네요,3,서울 성북구 동소문로20나길 11 2층 (우)02845
386,애정마라샹궈 본점,2020.08.20.,존맛ㅠㅠ 웨이팅 싫으면 6시 30분 전에 가세옹,5,서울 성북구 동소문로20나길 11 2층 (우)02845
387,애정마라샹궈 본점,2020.08.19.,마라샹궈는 쏘쏘 마라탕은 맛있음 채수 옵션돼서 좋음,4,서울 성북구 동소문로20나길 11 2층 (우)02845
388,애정마라샹궈 본점,2020.08.17.,존.맛.,5,서울 성북구 동소문로20나길 11 2층 (우)02845
389,애정마라샹궈 본점,2020.08.17.,말해뭐합니까 ,5,서울 성북구 동소문로20나길 11 2층 (우)02845
390,애정마라샹궈 본점,2020.08.14.,개맛있음,5,서울 성북구 동소문로20나길 11 2층 (우)02845
391,애정마라샹궈 본점,2020.08.11.,웨옹 그런데 요새 좀 날바날이 심하다옹 초심으로 돌아오라옹..,3,서울 성북구 동소문로20나길 11 2층 (우)02845
392,애정마라샹궈 본점,2020.08.01.,마라샹궈 여기가 찐입니다..젤맛있오..,5,서울 성북구 동소문로20나길 11 2층 (우)02845
393,애정마라샹궈 본점,2020.08.01.,"이전하기전부터 6년간 다닌 맛집입니다. 여기 마라샹궈를 먹기위해 일부러 피곤한몸을 이끌고 먼 길을 가네요. 남1여1 둘이가는 기준, 야채600g 고기600g 난1개 밥2공기를 추천합니다. 양이많게 느껴질 수도 있지만, 이런 맛집이라면 모두 대식가처럼 먹을수 있으니까요. ",5,서울 성북구 동소문로20나길 11 2층 (우)02845
394,애정마라샹궈 본점,2020.07.23.,마라샹궈 맛있음 샤오롱바오는 별로. 웨이팅 너무 길다,4,서울 성북구 동소문로20나길 11 2층 (우)02845
395,애정마라샹궈 본점,2020.07.23.,마라탕만 먹어봣는데 홍탕이 너무 기름범벅이에요  국물을 떠먹을수가없어요 기름맛만 나서ㅜㅜ 다른곳은 이정도는 아닌데..백탕은 맛있어요,4,서울 성북구 동소문로20나길 11 2층 (우)02845
396,애정마라샹궈 본점,2020.07.22.,손님이 많아서 웨이팅이 좀 있지만 정말 맛있어요!! 마라샹궈 강추 합니다 :),5,서울 성북구 동소문로20나길 11 2층 (우)02845
397,애정마라샹궈 본점,2020.07.21.,너무 맛있어요,5,서울 성북구 동소문로20나길 11 2층 (우)02845
398,애정마라샹궈 본점,2020.07.15.,존맛작렬.,5,서울 성북구 동소문로20나길 11 2층 (우)02845
399,애정마라샹궈 본점,2020.07.09.,"여러 마라탕집 다니며 마라탕/샹궈 먹어봤는데, 샹궈맛집 인정합니다! 다만 마라탕은... 잘 모르겠네요. 그리고 가격이 조금 사악해요.",3,서울 성북구 동소문로20나길 11 2층 (우)02845
400,애정마라샹궈 본점,2020.06.22.,샹궈맛집 인정함 ㅋ,5,서울 성북구 동소문로20나길 11 2층 (우)02845
401,애정마라샹궈 본점,2020.06.13.,진짜 맛있는데..저번에는 만두 시킨거 까먹고 계시다가 완전 식은 만두 받았어요..기분나빴름 ㅠ,4,서울 성북구 동소문로20나길 11 2층 (우)02845
402,애정마라샹궈 본점,2020.06.09.,존맛탱 중간맛도 매콤하긴 한데 맵진 않음,5,서울 성북구 동소문로20나길 11 2층 (우)02845
403,애정마라샹궈 본점,2020.06.05.,깔끔하고 맛있는 마라샹궈와 마라탕으로 오래 기억나는 집. ,5,서울 성북구 동소문로20나길 11 2층 (우)02845
404,애정마라샹궈 본점,2020.06.03.,ㄹㅇ 존맛,5,서울 성북구 동소문로20나길 11 2층 (우)02845
405,애정마라샹궈 본점,2020.05.22.,존맛;,5,서울 성북구 동소문로20나길 11 2층 (우)02845
406,애정마라샹궈 본점,2020.04.24.,여기가 그냥 최고임 다른 마라상궈랑 비교불가,5,서울 성북구 동소문로20나길 11 2층 (우)02845
407,애정마라샹궈 본점,2020.04.06.,언제나 최고 언제나 친절 소스 공장생산해서 홈쇼핑에서 팔아줬으면 좋겠는 맛,5,서울 성북구 동소문로20나길 11 2층 (우)02845
408,애정마라샹궈 본점,2020.04.04.,너무 최고 진짜 존맛 사장님이 엄청 친절하세요ㅠㅠ  그래서그런가 직원분들도 다 친절시구요  일주일에 한번은 꼭 가는 맛집 강츄,5,서울 성북구 동소문로20나길 11 2층 (우)02845
409,애정마라샹궈 본점,2020.03.15.,"가격 비싸고, 양이 점점 주는 것 같아요.... 초반엔 과한 친절이였는데, 이제는 서빙도 늦고, 앉아서 기다려도 물도 안 가져다 주고.... 야채랑 고기골라서 계산 하기 기다리는데, 홀에 직원 2분이나 있는데 보고도 다른 업무를 하시네요...",1,서울 성북구 동소문로20나길 11 2층 (우)02845
410,애정마라샹궈 본점,2020.03.02.,그저갓,5,서울 성북구 동소문로20나길 11 2층 (우)02845
411,애정마라샹궈 본점,2020.03.02.,진짜진짜 맛있어요 마라샹궈 개존맛 근데 탕은 별로에요 일반 마라탕 말고 애정 마라탕은 좀 먹을만 한데 그래도 그냥 그러니까 꼭 샹궈 드세요 가격은 좀 사악함ㅜ,5,서울 성북구 동소문로20나길 11 2층 (우)02845
412,애정마라샹궈 본점,2020.02.16.,최고예요,5,서울 성북구 동소문로20나길 11 2층 (우)02845
413,애정마라샹궈 본점,2020.02.13.,재료 퀄리티에 비해 가격이 비싼듯. 꿔바로우 맛있음. ,1,서울 성북구 동소문로20나길 11 2층 (우)02845
414,애정마라샹궈 본점,2020.02.06.,(냠냠) 맛있어요 특히 새우,4,서울 성북구 동소문로20나길 11 2층 (우)02845
415,애정마라샹궈 본점,2020.01.29.,존 맛 탱,5,서울 성북구 동소문로20나길 11 2층 (우)02845
416,애정마라샹궈 본점,2020.01.24.,마라는 역시 애정마라샹궈,4,서울 성북구 동소문로20나길 11 2층 (우)02845
417,애정마라샹궈 본점,2020.01.18.,보통이에요. 엄청 맛있지 않음.,3,서울 성북구 동소문로20나길 11 2층 (우)02845
418,애정마라샹궈 본점,2020.01.10.,아래 내용물이 커서 먹기 힘들단 건 무슨 지적인지 모르겠당.. 원래 이런 샹궈집이 내가 원하는 재료 내가 골라 넣구 그대로 볶아서 주는 건데..? 샹궈 정말 잘 하는 집 갈 때마다 직원분도 친절했다 특히 남자분,5,서울 성북구 동소문로20나길 11 2층 (우)02845
419,애정마라샹궈 본점,2020.01.07.,마라샹궈에 빠져버렸어요,5,서울 성북구 동소문로20나길 11 2층 (우)02845
420,애정마라샹궈 본점,2020.01.06.,장점:빠르고 깔금 단점:비싸고 빠르게 나오는 만큼 내용물들이 커서 먹기 힘듬 입작은사람은 먹기 힘들듯   돈 상관없는 사람은 괜찮지만 가성비따지는 사람들한테는 비추,2,서울 성북구 동소문로20나길 11 2층 (우)02845
421,애정마라샹궈 본점,2019.12.24.,마라샹궈 맛있게 하는 집 처음,5,서울 성북구 동소문로20나길 11 2층 (우)02845
422,애정마라샹궈 본점,2019.11.25.,너무 맛있어요! 최고의 마라샹궈! ,5,서울 성북구 동소문로20나길 11 2층 (우)02845
423,애정마라샹궈 본점,2019.11.15.,"마라샹궈 가게로는 다녀본 곳 중에 단연 최고! 한 번 먹고 나면 잊을 수 없는 그 맛에 자꾸 찾아오게 됩니다. 튀김꽃빵이 있어서 달달하니 좋고, 가격은 다른 마라샹궈 가게들이랑 비슷한 편이에요. 다들 아는 맛집이라 너무 붐비는 시간대(특히 주말 점심 등)를 피하면 아주 여유롭고 즐겁게 식사 가능합니다~",5,서울 성북구 동소문로20나길 11 2층 (우)02845
424,애정마라샹궈 본점,2019.11.14.,나쁘진않으나 비쌈,3,서울 성북구 동소문로20나길 11 2층 (우)02845
425,애정마라샹궈 본점,2019.11.06.,"그릇에 담을 때 그램당 정확한 가격 명시되지않아 얼마나 나올지 예측 어려웠고, 1인당 한그릇씩 먹고싶은데 단체로 왔다고 테이불단위로 몇개 그릇으로 통일시키고, 암튼 비싸고, 맛도 그닥이었습니다",2,서울 성북구 동소문로20나길 11 2층 (우)02845
426,애정마라샹궈 본점,2019.10.16.,맛나여 마라탕 최고맛집 근데 좀 비쌈ㅠ,5,서울 성북구 동소문로20나길 11 2층 (우)02845
427,애정마라샹궈 본점,2019.10.04.,보통이에요,3,서울 성북구 동소문로20나길 11 2층 (우)02845
428,애정마라샹궈 본점,2019.08.31.,존맛,5,서울 성북구 동소문로20나길 11 2층 (우)02845
429,애정마라샹궈 본점,2019.08.18.,마라탕이 찐임,5,서울 성북구 동소문로20나길 11 2층 (우)02845
430,애정마라샹궈 본점,2019.07.22.,20년 넘게 제일 좋아했던 1등 최애 메뉴가 바꼈다. 식사 시간이 겹치면 줄을 많이 기다리고 음식 주문하고도 기다려야 하긴 하지만 그래도 기다려서 먹는다. 아직 마라탕만 먹어봤지만 또 먹어도 맛있다 너무 맛있다 계속 간다 또 간다 ,5,서울 성북구 동소문로20나길 11 2층 (우)02845
431,애정마라샹궈 본점,2019.07.22.,여긴 진짜 맛있는곳.. 땅콩소스 많이 안써서 넘 좋아요,5,서울 성북구 동소문로20나길 11 2층 (우)02845
432,애정마라샹궈 본점,2019.07.16.,2인이서 샹궈랑 꿔바로우 시킴. 꿔바로우도 있고해서 샹궈양을 500그램정도 했더니 2인이서 무조건 800그램 이상해야하는데 꿔바로우 주문 하셨으니 700그램은 의무적으로 해야한다고 함. 600그램 정도 담고 그냥 해달라함  왜 사전에 이런 공지를 안해주는지 모르겠음. 맛은 눈이 번쩍 뜨일 정도까지는 아님  사진이 총 600그램정도의 양,2,서울 성북구 동소문로20나길 11 2층 (우)02845
433,애정마라샹궈 본점,2019.06.16.,이사를 하게되어서 이제 자주 못먹는게 아쉽네요ㅠ ,5,서울 성북구 동소문로20나길 11 2층 (우)02845
434,애정마라샹궈 본점,2019.05.30.,그냥... 가격대비 별로....  딱히...,2,서울 성북구 동소문로20나길 11 2층 (우)02845
435,애정마라샹궈 본점,2019.04.30.,제일 아래 계단까지 줄이 있는데 15분 기다리면 된다더니 40분 줄 섰음 들어가서 음식 나오기까지 15분 걸림 메뉴 하나는 먹고 나올 때까지 안 나와서 계산하면서 취소 체력이 남고 정신 없는 것도 견딜만 하면 갈만할 곳인듯,3,서울 성북구 동소문로20나길 11 2층 (우)02845
436,애정마라샹궈 본점,2019.04.28.,최고예요,5,서울 성북구 동소문로20나길 11 2층 (우)02845
437,애정마라샹궈 본점,2019.03.14.,최고예요,5,서울 성북구 동소문로20나길 11 2층 (우)02845
438,애정마라샹궈 본점,2019.02.22.,자신있게 추천할만함,5,서울 성북구 동소문로20나길 11 2층 (우)02845
439,애정마라샹궈 본점,2019.02.15.,그야말로 인생 맛집. 마라샹궈의 마는 마약을 뜻한다고 생각,5,서울 성북구 동소문로20나길 11 2층 (우)02845
440,애정마라샹궈 본점,2019.01.30.,쿼바로우 나오는데 한시간 걸린다고해서 못먹음. 테이블은 많이 있는데 주방장없어 나오는데 30분넘음,1,서울 성북구 동소문로20나길 11 2층 (우)02845
441,애정마라샹궈 본점,2018.12.16.,진짜 너무너무너무너무 맛있는데 다들 왜 안 가세요????,5,서울 성북구 동소문로20나길 11 2층 (우)02845
442,애정마라샹궈 본점,2018.10.09.,여기만큼 맛있는 마라샹궈 못 먹어봤음 그정도로 너무 맛있다~,5,서울 성북구 동소문로20나길 11 2층 (우)02845
443,손오공마라탕 서교점,2020.11.22.,안그래도 독특하고 자극적인 맛이 매력적인 마라탕인데 뭔가 더 독특하고 자극적인 매력이 있는 마라탕을 파는집. ,5,서울 마포구 잔다리로6길 23 (우)04039
444,손오공마라탕 서교점,2020.08.17.,"- 마라샹궈 폭우로 고수가 없다고 함. 지인말로는 “고수가 없어 맛의 밸런스가 무너졌다”고, “고수 하나가 이렇게 차이가 클줄 몰랐다”고 하는데... 정말 그것 때문일까? 내 경우엔 마라향은 약하고 매운맛은 적고 단맛은 미미한데 짠맛만 도드라진다. 식을수록 더 그렇다. 즉 마라맛이 안난다는 말이다. 지인의 말대로 고수가 없는것이 문제가 맞다. 하지만 난 마...",1,서울 마포구 잔다리로6길 23 (우)04039
445,손오공마라탕 서교점,2020.07.17.,"맛있어요. 비건 옵션이 된다는게 너무 좋고, 버섯 꿔바로우가 있어서 좋아요. 맛있습니다. 가게도 넓고 깔끔해서 맘에 들어요.",4,서울 마포구 잔다리로6길 23 (우)04039
446,손오공마라탕 서교점,2020.07.08.,최고예요,5,서울 마포구 잔다리로6길 23 (우)04039
447,손오공마라탕 서교점,2020.07.08.,버섯꿔바로우 최고네요 ! 이 튀김맛 얼마만에 보는지 ㅠㅠ채수마라탕 저렴하고 맛나요. 또 갈거예요! 매장 깔끔해요,5,서울 마포구 잔다리로6길 23 (우)04039
448,손오공마라탕 서교점,2020.06.30.,버섯꿔바로우가 넘 맛있어요 버섯도 야들야들하고 튀김옷도 바삭바삭해요,5,서울 마포구 잔다리로6길 23 (우)04039
449,손오공마라탕 서교점,2020.05.06.,부산인이 처음으로 마라의 진정한 매운맛을 본 곳,4,서울 마포구 잔다리로6길 23 (우)04039
450,손오공마라탕 서교점,2020.05.04.,"맛있어요! 비건 옵션도 있고 좋네요. 마라탕, 마라샹궈, 버섯꿔바로우 모두 맛있어요!",5,서울 마포구 잔다리로6길 23 (우)04039
451,손오공마라탕 서교점,2020.05.03.,"꿔바로우,마라탕 괜찮다. 샹궈는 무난.",4,서울 마포구 잔다리로6길 23 (우)04039
452,손오공마라탕 서교점,2020.04.24.,위생 너무 안좋아요. 저번에 이곳에서 마라탕 먹다가 꼬부랑털 나와서 충격먹었네요..  자주 갔던 곳이라서 더 충격이었습니다..,1,서울 마포구 잔다리로6길 23 (우)04039
453,손오공마라탕 서교점,2020.03.18.,마라탕 ㅍㅌㅊ 꿔바로우는 ㅎㅌㅊ 다음엔 마라샹궈을 먹어보겠음,3,서울 마포구 잔다리로6길 23 (우)04039
454,손오공마라탕 서교점,2020.02.17.,보통이에요,3,서울 마포구 잔다리로6길 23 (우)04039
455,손오공마라탕 서교점,2020.02.09.,여기 좋아해서 정말 자주갔는데 최근에 갔을때 식사를 하고있는데 바로 뒤에서 휴지통 탈탈 털면서 비우셔서 너무 불쾌했어요.  심지어 바로 뒤에서 저희 자리 쓰레기통 뿐만 아니라 옆자리 쓰레기통까지..... 식사를 하고있는데 꼭 그렇게 하셨어야 했을까... 싶네요 ..  그리고 재료 담을때도 직원이 바로 앞에서 담다가 손이 미끄러지셨는지 저한테 재료담겨있던 물...,2,서울 마포구 잔다리로6길 23 (우)04039
456,손오공마라탕 서교점,2020.01.28.,홍대점은 더럽다해서 여기 감 여기 맛에 너무 익숙해져서 다른 집 마라탕 맛 까먹음.. 근데 여기 마라샹궈가 대죤맛 다른 곳보다도 쌈,5,서울 마포구 잔다리로6길 23 (우)04039
457,손오공마라탕 서교점,2020.01.21.,위생은 좋아보이지만 가격도 비싸고 직원들 인상이나 서비스도 별로 맛도 별로,3,서울 마포구 잔다리로6길 23 (우)04039
458,손오공마라탕 서교점,2020.01.13.,먹을만한 마라탕집 홍대점은 위생 걸려서... 여기가는걸 추천,3,서울 마포구 잔다리로6길 23 (우)04039
459,손오공마라탕 서교점,2019.12.28.,깨끗하고 서비스 괜찮은데 마라의 맛이 별로 안 느껴지는게 땅콩향 전혀 안나고 엄청 기름져요ㅜ 입안에서 국물과 기름이 따로노는 느낌 혀가 기름으로 코팅되어서 알게모르게 텁텁한 느낌..,3,서울 마포구 잔다리로6길 23 (우)04039
460,손오공마라탕 서교점,2019.12.11.,홍대는 이 집이 재패함,5,서울 마포구 잔다리로6길 23 (우)04039
461,손오공마라탕 서교점,2019.12.07.,좋아요,4,서울 마포구 잔다리로6길 23 (우)04039
462,손오공마라탕 서교점,2019.11.15.,마라탕 입문한 가게로 한국인 입맛에 잘 맞는것같아요 예전엔 매장 방문했었고 이번엔 요기요로 주문해 먹었는데  아쉬웠던건 약간매운맛 시켰는데 안매워요 ㅎㅎ 최소 매운맛 시키셔야 개운할것 같아요,4,서울 마포구 잔다리로6길 23 (우)04039
463,손오공마라탕 서교점,2019.10.28.,사장님 친절하시고 좋은데...마라맛은 전혀 안난다...맛이있고 없고를 떠나서 마라탕이라면 마라맛이 나야지... 마라 충전하러간 건데 위만 아프고 나와서 슬펐다 ,1,서울 마포구 잔다리로6길 23 (우)04039
464,손오공마라탕 서교점,2019.10.28.,맵긴 매운데 밍밍한맛. 싼데 맛있지도 맛없지도 않은 맛. 걍 쫌더 비싸고 맛있는데 갈래.,1,서울 마포구 잔다리로6길 23 (우)04039
465,손오공마라탕 서교점,2019.10.23.,다맛있는데 마라탕이 연근이랑 단호박은 서걱서걱하네요 꿔바로우도 가격대비 양많고 맛도 괜찮아요  ,3,서울 마포구 잔다리로6길 23 (우)04039
466,손오공마라탕 서교점,2019.10.19.,보통이에요,3,서울 마포구 잔다리로6길 23 (우)04039
467,손오공마라탕 서교점,2019.10.09.,"나의 인생마라탕집 훠궈, 마라탕 처돌이인 나에게 늘 기쁨을주는 집 진짜 몇번을 왔는지모르겟다 직원분들도 대부분 젊으신데 친절하고 나갈때마다 꼭 밝게인사해주셔서 음식만먹는게아니라 활기찬 에너지까지 덤으로 받아간다..  굳이굳이 찾아가는 집 서교점.. 사랑함 국물끝내주고,, 그람당 가격도 타브랜드에비해 안비쌈 망하면 시위해야함",5,서울 마포구 잔다리로6길 23 (우)04039
468,손오공마라탕 서교점,2019.08.27.,최고예요,5,서울 마포구 잔다리로6길 23 (우)04039
469,손오공마라탕 서교점,2019.08.15.,친절하고 맛있네요..비싼 훠궈집보다 훨씬 낫네요. ,5,서울 마포구 잔다리로6길 23 (우)04039
470,손오공마라탕 서교점,2019.07.15.,"즈에발 미금역에도 하나 차려주세요.. 손오공 먹으려고 매번 합정행,,,,,",5,서울 마포구 잔다리로6길 23 (우)04039
471,손오공마라탕 서교점,2019.07.14.,배달 주문해서 한시간 반 기다렸는데 주문이 누락됐다고 취소하라고??? 진짜 열받네요.  보아하니 이런 일 자주 있는거 같은데 능력이 안되면 주문을 받지마세요.,1,서울 마포구 잔다리로6길 23 (우)04039
472,손오공마라탕 서교점,2019.07.12.,점점 맛이 없어져간다..,1,서울 마포구 잔다리로6길 23 (우)04039
473,손오공마라탕 서교점,2019.06.25.,좋아요,4,서울 마포구 잔다리로6길 23 (우)04039
474,손오공마라탕 서교점,2019.05.11.,홍대점이랑 똑같이 맛있는데 넓어서 더 좋아요.,5,서울 마포구 잔다리로6길 23 (우)04039
475,손오공마라탕 서교점,2019.05.11.,본점보다 좋아요,5,서울 마포구 잔다리로6길 23 (우)04039
476,손오공마라탕 서교점,2019.04.08.,버섯꿔바로우 오지고 지림 비건이 채수 마라탕이랑 채식 마라샹궈...너무 좋아요,5,서울 마포구 잔다리로6길 23 (우)04039
477,손오공마라탕 서교점,2019.01.05.,편안하게 맥주 마실수 있습니다.  물론 음식은 당연 최고구요. ,5,서울 마포구 잔다리로6길 23 (우)04039
478,라화쿵부 건대점,2020.11.07.,중국인인지 조선족인지 하셔서 그런가 불친절하고 그래요ㅋㅋㅋㅋ ,1,서울 광진구 아차산로30길 42 (우)05072
479,라화쿵부 건대점,2020.10.25.,맛이 너무 좋아요 주인장께선 중국에서 오신 분 같아요.,5,서울 광진구 아차산로30길 42 (우)05072
480,라화쿵부 건대점,2020.07.13.,"웬만해서 욕안하는데 정말 최악이네 궈바로우 먹다 이빨 나갈뻔, 마파두부 먹고 지금 배탈남. 식중독이면 고발조치예정, 광진구청에 신고하러 갈거임",1,서울 광진구 아차산로30길 42 (우)05072
481,라화쿵부 건대점,2020.06.17.,엄지손가락만한 바퀴가 2층으로 올라가는 벽으로 기어다니는 거 봤어요. 불친절하지도 않으셨고 음식은 맛있었으나 식당에서 그렇게 큰 바퀴 본 게 처음이라 충격적이었네요...,1,서울 광진구 아차산로30길 42 (우)05072
482,라화쿵부 건대점,2020.03.18.,영업 아침 9시부터 한다는데 세팅시간이 있어서 10시부터 가세요. 아니면 1시간 기다려야합니다 저처럼 직원들이 한국어를 못 알아들어요. 한국어 아예 못 해서 번역기 돌려서 겨우겨우 소통했어요... 아무것도 못 물어보고 답답해 죽는줄 알았네요 한국인데 하....,1,서울 광진구 아차산로30길 42 (우)05072
483,라화쿵부 건대점,2020.03.10.,옛날에 맛있던 그 맛이 아님 마유도 라유도 향신료 하나없이 기름만 있어 맛이 얏해지고 조금씩 국물에 들어가는 부재료에 정성이 없어짐 이젠 갈만한 곳이 못됨,1,서울 광진구 아차산로30길 42 (우)05072
484,라화쿵부 건대점,2020.03.07.,재료는 좋은데 소스는 약함! 입문용이네용,3,서울 광진구 아차산로30길 42 (우)05072
485,라화쿵부 건대점,2020.02.12.,1층에서 먹으면 정말 정신없고 서비스는 최악이에용 꿔바로우는 정확히 1시간 걸렸어요...,2,서울 광진구 아차산로30길 42 (우)05072
486,라화쿵부 건대점,2020.01.17.,꿔바로우랑 만두 괜찮았어요.,4,서울 광진구 아차산로30길 42 (우)05072
487,라화쿵부 건대점,2020.01.13.,일단 주문할때부터 기분나빴어요.  먹고싶어서 담아서 가는데 천원단위라며 갑자기 말도없이 옥수수면을 추가하지않나 2층으로 음식 못올려준다고 1층에 앉으라고 직원이 정말 신경질적으로 얘기하는데 순간 제가 잘못한줄알았네요. 심지어 그때 1층 테이블 치워놓지도 않았었는데 무작정 1층에 앉으라고만하고 돈주고 혼난기분이네요. 진짜 주변 사람들에게 절대 가지말라고 말할...,1,서울 광진구 아차산로30길 42 (우)05072
488,라화쿵부 건대점,2020.01.09.,마라탕 나쁘지 않게 먹었는데 후기가 다 최악이네 ㅋㅋ 1층이 시끄럽고 정신없어서 중국온것 같았네요^^ ,4,서울 광진구 아차산로30길 42 (우)05072
489,라화쿵부 건대점,2019.12.09.,고기만두 하나 시키는데 이십오분.. 먹고가려다가 포장.. 포장지 뜯으며 엄청 조금이네! 내가 꼭 리뷰 남긴다.. 했지만 한입먹어보니.. 아- 맛있긴하구나야~ ㅋㅋㅋ  포장 후 삼십분이 지났는데.. 만두피가 야들 고기 맛이 담백하다.포장도 팍- 찍고 리뷰 쓰기 전에 하나 먹었다가 계속 먹고.. 다 먹고 쓰고 앉아있다 ㅋㅋㅋ 소스도 신기하다.. 저염해야지~ 해...,4,서울 광진구 아차산로30길 42 (우)05072
490,라화쿵부 건대점,2019.11.16.,나만 좀 탄것같은 느낌인가요?,2,서울 광진구 아차산로30길 42 (우)05072
491,라화쿵부 건대점,2019.10.29.,좋아요,4,서울 광진구 아차산로30길 42 (우)05072
492,라화쿵부 건대점,2019.10.15.,너~무 평범하고 별 맛이 없음. 서비스 수준도 떨어짐.,2,서울 광진구 아차산로30길 42 (우)05072
493,라화쿵부 건대점,2019.09.15.,2016~7년부터 다니던 나름 단골입니다. 정말로.. 맛이변했어요....,1,서울 광진구 아차산로30길 42 (우)05072
494,라화쿵부 건대점,2019.09.13.,주문할 때 중국인인지 뭐라는지 하나도 모르겠고... 감자수제비랑 감자 연근 넣었는데 다 제대로 안 익어서 개맛없어서 남김,3,서울 광진구 아차산로30길 42 (우)05072
495,라화쿵부 건대점,2019.09.03.,불친절. 샹궈는 2층이라는 안내도 없었는데 1층 앉았다고 혼나고 4명인데 테이블 그냥 떼면 되는 2+4석 앉았다고 옮기라고 혼나고; 주문할때도 혼나고 정신없이 혼나기만하네요. 샤오룽바오 육즙은 하나도 없었고 퍽퍽했고요; 기분좋게 먹으러왔다가 기분 나빠지고 가요~,1,서울 광진구 아차산로30길 42 (우)05072
496,라화쿵부 건대점,2019.08.25.,좋아요,4,서울 광진구 아차산로30길 42 (우)05072
497,라화쿵부 건대점,2019.08.08.,마라샹궈 보통~ 샤오롱바오 육즙이 너무 없고~,2,서울 광진구 아차산로30길 42 (우)05072
498,라화쿵부 건대점,2019.07.31.,다른 손님이 흘린 재료.. 다시 통에 담는 곳.....,1,서울 광진구 아차산로30길 42 (우)05072
499,라화쿵부 건대점,2019.04.27.,돈주고 밥사먹으면서 혼나야 될 일인가요,1,서울 광진구 아차산로30길 42 (우)05072
500,라화쿵부 건대점,2019.04.07.,좀 이상했던게 저희가 고른 재료를 다 안넣은 느낌이었어요. 무엇보다 확실한건 메추리알 두 꼬치를 골랐는데 실제 받아보니 탕에 메추리알이 5개도 안들어 있었던거?  재료를 빼는건지... 다른 사람들 요리랑 다 섞어서 끓인담에 갖다 주는건지 ㅋㅋㅋㅋ 찜찜해서 여긴 다시 안가려구요,1,서울 광진구 아차산로30길 42 (우)05072
501,라화쿵부 건대점,2019.04.03.,별로예요,1,서울 광진구 아차산로30길 42 (우)05072
502,라화쿵부 건대점,2019.03.05.,맛은 괜찮은데 불친절 꿔바로우 오래걸림,2,서울 광진구 아차산로30길 42 (우)05072
503,라화쿵부 건대점,2019.02.06.,불친절의 끝판왕. 자주가던 곳인데 다시는 안갑니다. 손님한테 턱으로 가리키며 말하는 식당은 보다보다 처음보네. 장사 잘되고 유명세 탔다고 손님을 막대하는걸 넘어서서 큰소리치고 뭐라하는 곳은 아무리 맛있더라도 절개 안감!!!,1,서울 광진구 아차산로30길 42 (우)05072
504,라화쿵부 건대점,2019.01.28.,여기만큼 불친절한곳도 못 본듯ㅎㅎ 중국어로 한국인 손님들 욕하고 질문할때 똑바로 대답도 안 하고 청결도 별로.. 옛날 라화쿵부가 아닌지 꽤 된 것 같던데 후기보고 안 갈 걸 그랬어요. 내 돈 내고 기분만 상하고 오는 곳^^ 짜증나서 밥도 안 넘어가요. 맛도 옛날에 비해 별로고 옛정 생각해서 갔었는데 다신 안 가요,1,서울 광진구 아차산로30길 42 (우)05072
505,라화쿵부 건대점,2019.01.21.,불친절하고 맛도 다른 가게 가도 될듯,1,서울 광진구 아차산로30길 42 (우)05072
506,라화쿵부 건대점,2019.01.13.,불친절의 끝판왕 두번 다신 안 온다,1,서울 광진구 아차산로30길 42 (우)05072
507,라화쿵부 건대점,2018.12.22.,마라탕이랑 마라샹궈 먹고 싶을때마다 중국인 친구랑 찾아와서 먹던 곳이에욥 개꿀맛탱~ 마라샹궈 입안 화해지는 맛 아주 좋아요~#,4,서울 광진구 아차산로30길 42 (우)05072
508,라화쿵부 건대점,2018.12.08.,불친절.비쌈.맛도 지극히 평범,1,서울 광진구 아차산로30길 42 (우)05072
509,라화쿵부 건대점,2018.09.12.,보통이에요,3,서울 광진구 아차산로30길 42 (우)05072
510,라화쿵부 건대점,2018.07.26.,마라향궈,4,서울 광진구 아차산로30길 42 (우)05072
511,라화쿵부 건대점,2018.07.21.,옛날에 비해 맛이 달라짐. 마라탕이나 마라샹궈 맛이 없어짐 주변에 다른 가게 가는게 나을듯. 마라탕은 뭔가 물탄맛에 짜졌고 마라샹궈는 맛이 없어짐,1,서울 광진구 아차산로30길 42 (우)05072
512,라화쿵부 건대점,2018.05.15.,마라샹궈 보통맛으로 먹었는데 깜끔하게 매워요.  짭쪼름 해서 밥한공기 추가했는데 밥도둑입니다.   마라샹궈 재료에 옥수수면. 쑥갓이 참 맛나요. ,4,서울 광진구 아차산로30길 42 (우)05072
513,라화쿵부 건대점,2018.05.12.,최악의 마라샹궈였다.,1,서울 광진구 아차산로30길 42 (우)05072
514,라화쿵부 건대점,2018.04.12.,맛은 엄청 맵고 짜며 가격도 비싸다. 가장 안매운 맛을 주문했는데 일부러 맵게 해서 음료수를 팔아먹는 집. 뚱캔 하나에 2천원 받음. 적어도 마라탕은 다른집에서 먹기를..,1,서울 광진구 아차산로30길 42 (우)05072
515,라화쿵부 건대점,2018.03.25.,"마라탕집 많으니 다른 집 가세요!!!! 진짜 불친절,  만두가 너무 식어서 나왔다고 말하면 데워주겠다고 하면 될 것을, 주문시간따지고-  미지근한 만두 먹으려고 주문한건 아닌데, 그럼 취소해주겠다해서 알겠다 카드 주려는데 그 이상한 직원이 돈을 테이블에 던지더라는,,,,!    맛 다들 비슷하니 다른집 가세요!!! ",1,서울 광진구 아차산로30길 42 (우)05072
516,라화쿵부 건대점,2018.02.15.,진짜 직원들이 완전 불친절...중국이 원래 이런가 싶을정도로 실망했어요 근데 제 중국친구들은 안그런다는거~~,1,서울 광진구 아차산로30길 42 (우)05072
517,로충칭마라탕 궁동점,2020.11.09., 미성년자들이 민증 도용해서 술을 먹었다고 함. 11월 9일부터 20일간 영업정지라고 한다 ㅠㅠ,5,대전 유성구 대학로151번길 51 2층 (우)34137
518,로충칭마라탕 궁동점,2020.10.26.,좀 오래 기다렸지만 맛도 가격도 최고!!,5,대전 유성구 대학로151번길 51 2층 (우)34137
519,로충칭마라탕 궁동점,2020.10.15.,친절함 : 100/100 맛 : 100/100 위생 : 100/100  안 올 이유가?,5,대전 유성구 대학로151번길 51 2층 (우)34137
520,로충칭마라탕 궁동점,2020.10.10.,김초록이 인정한 마라 맛집,5,대전 유성구 대학로151번길 51 2층 (우)34137
521,로충칭마라탕 궁동점,2020.10.03.,사장님 너무 친절하세요~ 처음왔다고하니까 소스도 하나하나 알려주고 머리잡고 먹고잇으니까 머리끈도 챙겨주시고 재료도 깨끗하고 좋앗어요 맛도 마라향딱 좋을정도로나고  담에 또갈께요,5,대전 유성구 대학로151번길 51 2층 (우)34137
522,로충칭마라탕 궁동점,2020.09.19.,내가먹어본 마라탕중 최고,5,대전 유성구 대학로151번길 51 2층 (우)34137
523,로충칭마라탕 궁동점,2020.05.13.,사장님이 항상 친절하시고 마라탕도 국물이 부담스럽지 않게 맛있습니다. 재료도 신선하구요~,4,대전 유성구 대학로151번길 51 2층 (우)34137
524,로충칭마라탕 궁동점,2020.05.06.,여기 정말 괜찮았어요 마라탕 먹을때는 꼭 여기로 가요,5,대전 유성구 대학로151번길 51 2층 (우)34137
525,로충칭마라탕 궁동점,2020.04.20.,오랜만에 찾아갔는데 여전히 맛있어요^^ 땅콩소스도 맛있고 재료도 신선하고 무엇보다 다른 곳보다 저렴해서 좋아요ㅎㅎ,5,대전 유성구 대학로151번길 51 2층 (우)34137
526,로충칭마라탕 궁동점,2020.03.02.,여기 잔짜 체고ㅠㅠㅠㅠㅠ,5,대전 유성구 대학로151번길 51 2층 (우)34137
527,로충칭마라탕 궁동점,2020.03.01.,보통이에요,3,대전 유성구 대학로151번길 51 2층 (우)34137
528,로충칭마라탕 궁동점,2020.02.08.,저 여기 너무 좋아요ㅠㅠㅠㅠㅠㅠ 로충칭 마라탕 평생 장사해주세요ㅠㅠㅠㅠㅠ 존맛 ㅠㅠㅠㅠㅠㅠ 조리도 항상 잘되고   ㅠㅠㅠㅠ 사장님 거의 천사급 친절함 ㅠㅠㅠㅠㅠ 강추하는 마라탕집입니다 ,5,대전 유성구 대학로151번길 51 2층 (우)34137
529,로충칭마라탕 궁동점,2020.01.19.,최고예요,5,대전 유성구 대학로151번길 51 2층 (우)34137
530,로충칭마라탕 궁동점,2020.01.15.,마라탕이 보통 이상은 하고 사장님이 친절해서 좋아요~ 근데 여기 다녀오면 배탈나서 하나 뺌,4,대전 유성구 대학로151번길 51 2층 (우)34137
531,로충칭마라탕 궁동점,2019.12.17.,여기 대박이에요...진심 먹어본 마라탕중에 제일 맛있는 집이에요 ㅠㅜㅠ 최고입니다. 로충칭 마라탕is love...  여기 국물인가 육수인가 아무튼 최고에요 마약탄줄; 자꾸 찾게되는 맛입니다. 소스 만들어먹울 수 있는것도 좋고 재료도 다양한 편이라 좋아요. 소위 잠깐 있을 때 너무 좋았는데 금방 사라져서 너무 아쉽네요 ㅠ 최근에 당면종류 늘어서 그것도 그거...,5,대전 유성구 대학로151번길 51 2층 (우)34137
532,로충칭마라탕 궁동점,2019.12.15.,최고예오 남자 사장님도 완전 친절하시고  !̤̻ !̤̻,5,대전 유성구 대학로151번길 51 2층 (우)34137
533,로충칭마라탕 궁동점,2019.10.20.,보통이에요,3,대전 유성구 대학로151번길 51 2층 (우)34137
534,로충칭마라탕 궁동점,2019.09.21.,중국현지 마라탕 맛이랑 비슷하긴한데 그 우육면처럼 한방맛?이 나는 것 같아요. 혀 얼얼해지는 마라맛은 별로 없는? 맛은 있는데 제입맛엔 근처 다른 마라탕집이 더 취향에 맞아요 ㅜㅋㅋ그냥 취향차이인듯 그래도 친절하시고 밑반찬셀프바가 있어서 좋았습니다! 웨이팅이 너무 길지만..,3,대전 유성구 대학로151번길 51 2층 (우)34137
535,로충칭마라탕 궁동점,2019.08.01.,맵찌리도 매운맛 낮은단계하면 무난히 잘 먹을수 있습니다 재료 상태도 좋았고 불친절함도 없었습니다 저렴한 가격에 맘에드는 재료 배불리 먹을수 있어 괜찮았습니다. 포장 고객도 많이 보였습니다.  다만 학교근처 맛집이라 웨이팅이 너무 기네요 ,3,대전 유성구 대학로151번길 51 2층 (우)34137
536,로충칭마라탕 궁동점,2019.06.19.,존맛탱존맛탱 중국출장가서 먹었던 맛이랑 존똑 남자 사장님이신지?! 너무 친절하셔서 좋아요!! 포장도 되서 굿굿굿!!!!! 대전마라탕은 요기가 최고!!!!!! ,5,대전 유성구 대학로151번길 51 2층 (우)34137
537,로충칭마라탕 궁동점,2019.06.06.,마라샹궈에 눈뜨게 해준 곳 마라탕도 먹고 말거야,4,대전 유성구 대학로151번길 51 2층 (우)34137
538,로충칭마라탕 궁동점,2019.04.16.,존맛탱,5,대전 유성구 대학로151번길 51 2층 (우)34137
539,로충칭마라탕 궁동점,2019.03.29.,재료를 고를수있다는게 좋습니다. 순한맛 추천해요. 중간맛 이상부터 많이 매워요,5,대전 유성구 대학로151번길 51 2층 (우)34137
540,로충칭마라탕 궁동점,2019.03.23.,최애마라탕집,5,대전 유성구 대학로151번길 51 2층 (우)34137
541,로충칭마라탕 궁동점,2019.02.09.,마라탕 처음 먹어봤는데 존맛탱입니다. 매운거 잘 못먹는데 맵기 2단계 매콤하니 맛있었어요. 사진은 9100원? 정도 재료 담았습니다. 배터져요 ㅋㅋ 가게 깨끗해요. ,5,대전 유성구 대학로151번길 51 2층 (우)34137
542,로충칭마라탕 궁동점,2019.12.15.,최고예오 남자 사장님도 완전 친절하시고  !̤̻ !̤̻,5,대전 유성구 대학로151번길 51 2층 (우)34137
543,로충칭마라탕 궁동점,2019.10.20.,보통이에요,3,대전 유성구 대학로151번길 51 2층 (우)34137
544,로충칭마라탕 궁동점,2019.09.21.,중국현지 마라탕 맛이랑 비슷하긴한데 그 우육면처럼 한방맛?이 나는 것 같아요. 혀 얼얼해지는 마라맛은 별로 없는? 맛은 있는데 제입맛엔 근처 다른 마라탕집이 더 취향에 맞아요 ㅜㅋㅋ그냥 취향차이인듯 그래도 친절하시고 밑반찬셀프바가 있어서 좋았습니다! 웨이팅이 너무 길지만..,3,대전 유성구 대학로151번길 51 2층 (우)34137
545,로충칭마라탕 궁동점,2019.08.01.,맵찌리도 매운맛 낮은단계하면 무난히 잘 먹을수 있습니다 재료 상태도 좋았고 불친절함도 없었습니다 저렴한 가격에 맘에드는 재료 배불리 먹을수 있어 괜찮았습니다. 포장 고객도 많이 보였습니다.  다만 학교근처 맛집이라 웨이팅이 너무 기네요 ,3,대전 유성구 대학로151번길 51 2층 (우)34137
546,로충칭마라탕 궁동점,2019.06.19.,존맛탱존맛탱 중국출장가서 먹었던 맛이랑 존똑 남자 사장님이신지?! 너무 친절하셔서 좋아요!! 포장도 되서 굿굿굿!!!!! 대전마라탕은 요기가 최고!!!!!! ,5,대전 유성구 대학로151번길 51 2층 (우)34137
547,매운향솥 본점,2020.11.23.,"너무 바가지에요  무슨 마라샹궈 2인분이 37,000원??? 이렇게 비싼 마라샹궈는 처음...다신안가요",1,서울 광진구 동일로18길 61 (우)05072
548,매운향솥 본점,2020.11.17.,마라샹궈랑 토달볶은 여기가 세상 최고 맛집입니다ㅜㅜ 토달볶 조금 비싸서 아쉽지만 그래도 윤기좔좔하고 맛있어서 또 가게 됩니다 담주도 또 가려구요!,5,서울 광진구 동일로18길 61 (우)05072
549,매운향솥 본점,2020.10.19.,마라샹궈는 이집.,4,서울 광진구 동일로18길 61 (우)05072
550,매운향솥 본점,2020.10.18.,역시 마라샹궈는 매운향솥 ...!  불친절하다고 느낀적없음,5,서울 광진구 동일로18길 61 (우)05072
551,매운향솥 본점,2020.09.28.,심각하게 불친절,1,서울 광진구 동일로18길 61 (우)05072
552,매운향솥 본점,2020.08.17.,어우 짜,3,서울 광진구 동일로18길 61 (우)05072
553,매운향솥 본점,2020.08.13.,맛있다. 근데 항상 2단계 매운맛으로 하는데 맵기가 갈 때마다 다른 느낌?,4,서울 광진구 동일로18길 61 (우)05072
554,매운향솥 본점,2020.08.04.,보통이에요,3,서울 광진구 동일로18길 61 (우)05072
555,매운향솥 본점,2020.07.28.,꿔바로우 먹고 너무 맛있어서 기절초풍함 마라샹궈도 자극적이고 존맛탱이엇음,5,서울 광진구 동일로18길 61 (우)05072
556,매운향솥 본점,2020.07.16.,맛 보통 근데 개 불친절 줫내 틱틱댐,1,서울 광진구 동일로18길 61 (우)05072
557,매운향솥 본점,2020.07.04.,현금결제유도하면서 장사함,1,서울 광진구 동일로18길 61 (우)05072
558,매운향솥 본점,2020.06.15.,샹궈 맛집.. 일주일에 두 번이나 가서 먹었어요 ㅠ 직원분이 중국인 같으신데 너무 무성의하신 거 빼면 다 좋아요 ㅋㅋㅋ  ,4,서울 광진구 동일로18길 61 (우)05072
559,매운향솥 본점,2020.05.30.,마라샹궈 이때까지 먹었던거 중에 제일 맛있었어요!!!,5,서울 광진구 동일로18길 61 (우)05072
560,매운향솥 본점,2020.04.30.,좋아요,4,서울 광진구 동일로18길 61 (우)05072
561,매운향솥 본점,2020.03.30.,맛있었어요,3,서울 광진구 동일로18길 61 (우)05072
562,매운향솥 본점,2020.03.19.,이때까지 마라샹궈 맛집이라고 하는 집 100개 넘게 돌았는데 여기가 젤 맛있어요 진짜. 애정 등등 여기 비교할 데가 못 돼요 레전드라고 할수있음,5,서울 광진구 동일로18길 61 (우)05072
563,매운향솥 본점,2020.03.15.,사람들이 담다가 바닥에 떨어트린 야채 주워서 툭툭 털고 다시 넣어놓는 걸 보고 경악했구요. 380000원 나왔고 추가한 고기 300g 중 절반도 안 되는 양이 나왔습니다. 가려진 그 주방 안에서 대체 무슨 일이 일어나고 있는건지 궁금해요. 중간에 빼돌린 재료들도 다시 바구니에 담아놓으시나요?,1,서울 광진구 동일로18길 61 (우)05072
564,매운향솥 본점,2020.01.26.,불량식품 아니?,1,서울 광진구 동일로18길 61 (우)05072
565,매운향솥 본점,2020.01.23.,엄청나게 맛있다거나 라매자를 이긴다거나 하는 맛은 아니었어요. 다만 건대 언저리에서는 그래도 괜찮은 것 같다 생각합니다. 일단 향이 정말 좋아요. 지금까지 먹었던 마라탕이랑은 살짝 다른 느낌...? 향이 좀 더 있었어요. 다만 전 땅콩향이 강한 마라탕을 선호하는데 땅콩향이 그리 강하진 않았어요... 이게 좀 아쉬웠네요. 또 맛에 비해서 가격이 엄청나게 비쌌...,3,서울 광진구 동일로18길 61 (우)05072
566,매운향솥 본점,2020.01.16.,넘맛있고 최고ㅠㅠ,5,서울 광진구 동일로18길 61 (우)05072
567,매운향솥 본점,2019.12.28.,샹궈 진짜 제일 맛있어요 ㅠㅠㅠ 너무너무너무 맛있어요! 신촌점도 먹어봤는데 맛 자체는 비슷한 거 같습니다. 개인적으로 매운향솥 마라탕은 땅콩 맛이랑 향이 많이 나서 좀 느끼한데 샹궈는 진짜 계속 감탄하면서 먹을 정도로 맛있어요 ㅠㅠ 꿔바로우는 괜찮은 정도였습니다!,5,서울 광진구 동일로18길 61 (우)05072
568,매운향솥 본점,2019.12.12.,음 생각보다 와 대박 이런맛은 아녔어요 마라샹궈랑 꿔바로우 먹었고 그냥 보통 체인점에서도 맛볼수있던맛이라 주변에 있다면 방문 해봐도 좋을것 같아요 ~~,4,서울 광진구 동일로18길 61 (우)05072
569,매운향솥 본점,2019.12.09.,"마라샹궈, 가지볶음 핵꿀맛. 웨이팅은 있었는데 회전율이 좋아서 20분 안에 들어갔어요. 재방문의사 100%",5,서울 광진구 동일로18길 61 (우)05072
570,매운향솥 본점,2019.12.01.,젤 젛아하는 마라샹궈집 불맛남..ㄹㅇ 기다릴만해여 허지만 기다리긴 싫어서 별하나 뺐어요 ~~~,4,서울 광진구 동일로18길 61 (우)05072
571,매운향솥 본점,2019.11.30.,정말 한 입먹고.. 심각하게 맛있다......며 정신놨어요 매운거 좀 드시면 3단계 이상에 안짜게 시키시면 핵맛있음!!! 딴데도 가봤는데 결국 여기로 돌아옵니다 ㅠㅠㅠ  몇번왔는지 기억도 안남,5,서울 광진구 동일로18길 61 (우)05072
572,매운향솥 본점,2019.11.21.,향궈는 여기! 밥이랑 먹으면 굳,5,서울 광진구 동일로18길 61 (우)05072
573,매운향솥 본점,2019.11.12.,마라샹궈 너무너무 맛있고 다른 요리 가격이 저렴해서 여러개 시켜 먹기 부담없어서 좋아요,5,서울 광진구 동일로18길 61 (우)05072
574,매운향솥 본점,2019.11.10.,샹궈 계란볶음밥 가지볶음 이 셋트로 꼭 드시길 가지볶음아직도안먹어봤다면 진짜 신세계맛볼듯 꿔바로우는 특이한거없음,5,서울 광진구 동일로18길 61 (우)05072
575,매운향솥 본점,2019.10.30.,내 생일은 일년에 두 번이에요 태어난 날 여기서 처음 마라를 먹은 날..,5,서울 광진구 동일로18길 61 (우)05072
576,매운향솥 본점,2019.10.29.,가지볶음밥에 샹궈 조합 걍미쳤음,4,서울 광진구 동일로18길 61 (우)05072
577,매운향솥 본점,2019.09.28.,"샹궈, 크림새우 먹었는데 둘다 별로. 샹궈는 너무 짰고 크림새우는 과하게 느끼함. 느끼한거 잘 먹는데도 둘 다 남김. 기대이하",2,서울 광진구 동일로18길 61 (우)05072
578,매운향솥 본점,2019.08.22.,머리카락 나옴 우엑,1,서울 광진구 동일로18길 61 (우)05072
579,매운향솥 본점,2019.08.19.,한국 마라샹궈 유행하기전하곤 맛이 살짝 달라짐 ,5,서울 광진구 동일로18길 61 (우)05072
580,매운향솥 본점,2019.08.08.,마라샹궈 맛있음,5,서울 광진구 동일로18길 61 (우)05072
581,매운향솥 본점,2019.07.24.,"사천인 피셜 여기가 건대에서 가장 본토스럽다고 합니다. 마라양념이나 바짝 볶는 정도가 건대에선 가장 훌륭한 곳 하지만 웨이팅이 너무 길고, 위생은 말하기 좀 더럽습니다만 사천은 더 더럽다는거... 신라면정도의 매운맛이라는 표기를 믿고 시켰다가 정수리에서 분수 폭발합니다. 조심하세요.",4,서울 광진구 동일로18길 61 (우)05072
582,매운향솥 본점,2019.06.29.,"손님 물건을 함부러 바닦에 놓네, 무개념,,말로 하면 안되나 ",1,서울 광진구 동일로18길 61 (우)05072
583,매운향솥 본점,2019.05.21.,좋아요,4,서울 광진구 동일로18길 61 (우)05072
584,매운향솥 본점,2019.05.14.,최고의 마라샹궈ㅠㅠㅠ맨날 먹고싶은맛,5,서울 광진구 동일로18길 61 (우)05072
585,매운향솥 본점,2019.03.21.,앉고 싶은데 앉게 해줘 좀,1,서울 광진구 동일로18길 61 (우)05072
586,매운향솥 본점,2018.10.13.,현지랑 똑같은 맛. 여러개 시키면 몇개씩 빼먹고나오는 것도 중국 스타일,5,서울 광진구 동일로18길 61 (우)05072
587,매운향솥 본점,2018.10.13.,중국에서 먹은 마라샹궈가 생각난다면 꼭 가야 할 곳. 크림새우와의 궁합도 추천!,4,서울 광진구 동일로18길 61 (우)05072
588,매운향솥 본점,2018.09.25.,보통이에요,3,서울 광진구 동일로18길 61 (우)05072
589,매운향솥 본점,2018.07.24.,최고예요,5,서울 광진구 동일로18길 61 (우)05072
590,매운향솥 본점,2018.06.02.,최고예요,5,서울 광진구 동일로18길 61 (우)05072
591,매운향솥 본점,2018.05.21.,좋아요,4,서울 광진구 동일로18길 61 (우)05072
592,매운향솥 본점,2018.05.07.,이거 먹으러 서울갑니다,5,서울 광진구 동일로18길 61 (우)05072
593,매운향솥 본점,2018.03.14.,마라샹궈 중국에서 먹은 맛이랑 똑같아요 정말맛있어요!!,5,서울 광진구 동일로18길 61 (우)05072
594,매운향솥 본점,2017.08.18.,최고예요,5,서울 광진구 동일로18길 61 (우)05072
595,매운향솥 본점,2017.07.02.,마라샹궈 ! ,5,서울 광진구 동일로18길 61 (우)05072
596,매운향솥 본점,2016.07.13.,최고예요,5,서울 광진구 동일로18길 61 (우)05072
597,하이디라오 대학로점,2020.10.31.,서비스 최악. 친절한척 하면서 한국 말귀를 하나도 못알아듣고 계산서에 주문안한 오더들 추가해서 바가지를 씌움,1,서울 종로구 대학로 146 3층 (우)03084
598,하이디라오 대학로점,2020.09.16.,너무비쌈,1,서울 종로구 대학로 146 3층 (우)03084
599,하이디라오 대학로점,2020.09.13.,여기서 훠궈를 먹고 훠궈ptsd 걸림 홍탕은 너무 얼얼하고 백탕은 냄새가 나서 물에 씻어먹어야 하는 수준 그런데 가격은 학생가로 1인 23000. 근래 한 소비 중 가장 후회스러웠음,1,서울 종로구 대학로 146 3층 (우)03084
600,하이디라오 대학로점,2020.09.12.,서비스는 정말 친절했지만... 2번은 못갈거 같아요 ,2,서울 종로구 대학로 146 3층 (우)03084
601,하이디라오 대학로점,2020.08.13.,웁스 아 디딧 어겐,5,서울 종로구 대학로 146 3층 (우)03084
602,하이디라오 대학로점,2020.07.31.,예전에 방문했었는데 전체적으로 조용했고 직원분들이 다른 지점보다 훨씬 친절했습니다.  한 직원분은 매장내 적혀져있는 소스가 아닌 본인 레시피로 저희한테 추천해주셨었는데 진짜 맛있었어요 그 이후로 얼추 비슷하게 따라해보는데도 그 맛 안남ㅠㅠ 그때 뭐 많이 시키니까 따로 편하게 먹을 수 있게 선반같은거 주샸던걸로 기억해요..이래저래 좋은 기억 많음,5,서울 종로구 대학로 146 3층 (우)03084
603,하이디라오 대학로점,2020.07.12.,자국 홍보를 위한 중국의 전략적 프로파간다,5,서울 종로구 대학로 146 3층 (우)03084
604,하이디라오 대학로점,2020.06.05.,다른 하이디라오 지점보다 조용하고 정돈된 분위기. 서비스도 친절하고 맛도 좋고 여유롭게 먹을 수 있었습니다. ,5,서울 종로구 대학로 146 3층 (우)03084
605,하이디라오 대학로점,2020.05.25.,아침5시까지 영업이라고 써놓고  새벽1시부터전화안받니?  전화받는사람이 잠들엇니? 장난하나?,1,서울 종로구 대학로 146 3층 (우)03084
606,하이디라오 대학로점,2020.05.03.,"홍대점 보다 맛, 양, 친절 모든 면에서 나아요. ",4,서울 종로구 대학로 146 3층 (우)03084
607,하이디라오 대학로점,2020.01.04.,말이 필요없는 서비스 정말 감동했어요 ㅠㅠ 차를 두고 잠시 갔다 왔더니 주차장이 잠겨서 당황했는데 직원분들이 퇴근길인데도 다 기다려주시고 애써주셔서 정말 감사했어요 ㅠ ㅠ 또 갈게요 음식 맛있는건 두말하면 잔소리죠  곧 결혼하는 커플에게 깜짝 선물도 주시고 정말  최고의 이벤트였어용 !!!,5,서울 종로구 대학로 146 3층 (우)03084
608,하이디라오 대학로점,2020.01.03.,훠궈 처음이었는데 너무 맛있었고 서비스도 좋아요! 직원분이 설명도 잘 해주시고 중간중간 먹을때 불편없게 잘 챙겨주셨어요! 가게도 깔끔하고 다음에 꼭 또 먹고싶어요!,5,서울 종로구 대학로 146 3층 (우)03084
609,하이디라오 대학로점,2019.12.28.,다른 지점보다 맛있는 건 개인적인 느낌인가요 혜화 하이디라오 넘맛있오.. 가격빼고는 다 좋은 하이디라오ㅎ ,4,서울 종로구 대학로 146 3층 (우)03084
610,하이디라오 대학로점,2019.12.16.,조금 아쉬워요,2,서울 종로구 대학로 146 3층 (우)03084
611,하이디라오 대학로점,2019.10.31.,진짜 좋아요! 꼭 가보세요~,5,서울 종로구 대학로 146 3층 (우)03084
612,하이디라오 대학로점,2019.09.01.,서비스나 맛이나 여러모로 마음에 들어요. 다만 먹는 만큼 가격 나오는 집이라는 것도 잊지 마시길.,5,서울 종로구 대학로 146 3층 (우)03084
613,하이디라오 대학로점,2019.08.10.,맛은  있으나 8월 1일부로. 가격이 전격 인상됨 .  확인하고가시길 .  맛은있음.,3,서울 종로구 대학로 146 3층 (우)03084
614,하이디라오 대학로점,2019.08.09.,친절 깨끗 ! 항상 잘먹고갑니다,5,서울 종로구 대학로 146 3층 (우)03084
615,하이디라오 대학로점,2019.05.27.,다른지점으로가세요,1,서울 종로구 대학로 146 3층 (우)03084
616,하이디라오 대학로점,2019.02.13.,최고예요,5,서울 종로구 대학로 146 3층 (우)03084
617,하이디라오 대학로점,2019.01.08.,1월8일 현재 9900이벤트 진행중이요,5,서울 종로구 대학로 146 3층 (우)03084
618,하이디라오 대학로점,2019.09.01.,서비스나 맛이나 여러모로 마음에 들어요. 다만 먹는 만큼 가격 나오는 집이라는 것도 잊지 마시길.,5,서울 종로구 대학로 146 3층 (우)03084
619,하이디라오 대학로점,2019.08.10.,맛은  있으나 8월 1일부로. 가격이 전격 인상됨 .  확인하고가시길 .  맛은있음.,3,서울 종로구 대학로 146 3층 (우)03084
620,하이디라오 대학로점,2019.08.09.,친절 깨끗 ! 항상 잘먹고갑니다,5,서울 종로구 대학로 146 3층 (우)03084
621,하이디라오 대학로점,2019.05.27.,다른지점으로가세요,1,서울 종로구 대학로 146 3층 (우)03084
622,하이디라오 대학로점,2019.02.13.,최고예요,5,서울 종로구 대학로 146 3층 (우)03084
623,탕화쿵푸마라탕 중앙점,2020.10.24.,최고예요,5,경남 창원시 성산구 용지로113번길 5 1층 (우)51514
624,탕화쿵푸마라탕 중앙점,2020.07.20.,진짜 싸가지가 없네요 마라탕 주문하고 30분넘게 안나와서 언제나오냐니까 죄송하단 말 1도 안하고 ㅋㅋㅋㅋㅋㅋ 진짜 무슨 장사를 하겠다는건지 표정이랑 행동이랑 싸가지가 없네요 머리긴 못생긴 여자 계산하는 사람요. 서비스직을 참 저따구로 하네욬,1,경남 창원시 성산구 용지로113번길 5 1층 (우)51514
625,탕화쿵푸마라탕 중앙점,2019.12.30.,"솔직히 저는 별로였습니다.. 맛이야 주관적이니까 말씀드리긴 그렇지만 재료넣는순서 상관없이 한번에 넣으시는지 식감도 별로였고 면은 다 불어서 먹기가 힘들 정도였습니다. 면 특성상 빨리 불수는 있는데 면을 푼 흔적없이 덩어리째로 불어있었어요,,, 그리고 재료담는 집게도 계속 재사용되는 형태로 되어있어서 집게 안쪽 부분 위생상태가 좋지않았습니다. 다음손님 들어왔...",1,경남 창원시 성산구 용지로113번길 5 1층 (우)51514
626,탕화쿵푸마라탕 중앙점,2019.12.30.,땅콩빠다 맛이 많이 나서 느끼하다,3,경남 창원시 성산구 용지로113번길 5 1층 (우)51514
627,탕화쿵푸마라탕 중앙점,2019.09.29.,마라탕 최고,5,경남 창원시 성산구 용지로113번길 5 1층 (우)51514
628,탕화쿵푸마라탕 중앙점,2019.07.11.,최고예요,5,경남 창원시 성산구 용지로113번길 5 1층 (우)51514
629,수훠궈,2020.07.16.,최고예요,5,"경남 창원시 의창구 용지로169번길 11-14 대웅레드유 1,2층 (우)51436"
630,수훠궈,2020.01.06.,다 좋았어여,5,"경남 창원시 의창구 용지로169번길 11-14 대웅레드유 1,2층 (우)51436"
631,수훠궈,2020.01.06.,개인탕이라 고급스럽고 향도 조절가능하고 서비스도 좋고 걍 짱이에요,5,"경남 창원시 의창구 용지로169번길 11-14 대웅레드유 1,2층 (우)51436"
632,수훠궈,2019.08.03.,헐,1,"경남 창원시 의창구 용지로169번길 11-14 대웅레드유 1,2층 (우)51436"
633,수훠궈,2019.05.07.,와 여기 죵말ㅋㅋㅋ중국음식 안먹어봐서 솔직히 쫌걱정하면서 갓는데.. 레알 최애맛집됨..ㅎ 퀄리티나 분위기에 비해 가격은 부담스럽지않아서 우선 좋앗고 퀄리티뿐아니라 양이 진짜 최고에요ㅋㅋㅋ 배부르다고 노래를 부르면서도 맛있어서 디저트까지 싹 다 먹은;;ㅎ 먹는다고 나중에나온 음식들사진없ㄱ....ㅋㅋ 직원분들도 친절했어요 소스나 육수같은거 필요할 때마다랑 젓가...,5,"경남 창원시 의창구 용지로169번길 11-14 대웅레드유 1,2층 (우)51436"
634,수훠궈,2019.04.28.,"바쁠 때 밀ㄹ리는 감이 있고, 꿔바로울 질은 떨어지는 감은 있지만~~ 마라 소스에 취하면 또 가고 싶어지는 집~~",5,"경남 창원시 의창구 용지로169번길 11-14 대웅레드유 1,2층 (우)51436"
635,수훠궈,2019.02.14.,"훠궈 이 28,800원짜리 먹었는데  본식 다 먹고도 나머지 음식이 연달아 나오지 않아서 직원한테 나머지 음식 달라고 했는데 한참을 기다림. 흐름이 끊겨서 나가고 싶었을 정도. 단체와서 바빠서 그렇다고 하는데 그게 더 소름.  바쁠때 가면 제대로된 서비스 받기 어려운건가봄. 벨 눌러도 오지도 않아서 몇번을 눌렀고  꿔바로우 고기보다 튀김옷이 많았는데 맛도 ...",1,"경남 창원시 의창구 용지로169번길 11-14 대웅레드유 1,2층 (우)51436"
636,탕화쿵푸마라탕 우송대점,2020.11.22.,맛있지만 비위생적임 그렇게 불친절하진 않음 앞접시나 컵에 뭔지 모를 것들이 묻어있음 제대로 세척하길 바랍니다 주차장 있고 화장실은 깨끗해요,3,대전 동구 동대전로 149 1층 (우)34608
637,탕화쿵푸마라탕 우송대점,2020.04.27.,넣지도 않은 당면조각이 계속 나오네요. 위생에 의문이 듭니다. 전화했더니 그냥 뚝 끊으시구요 ㅎ 불친절은 덤*^^*,1,대전 동구 동대전로 149 1층 (우)34608
638,탕화쿵푸마라탕 우송대점,2020.04.15.,"오늘 주문해서 포장해갔는데요 17,000원어치를 사 갔는데 청경채도 수북하게 넣고... 와서 보니까 찾기 어려울 정도로 적더라고요... 재료들이 다 어디 갔는지... 아 그리고 1단계 먹었는데 땅콩향이 엄청나요!",1,대전 동구 동대전로 149 1층 (우)34608
639,탕화쿵푸마라탕 우송대점,2020.02.15.,최고예요,5,대전 동구 동대전로 149 1층 (우)34608
640,탕화쿵푸마라탕 우송대점,2020.02.14.,좋아요,4,대전 동구 동대전로 149 1층 (우)34608
641,탕화쿵푸마라탕 우송대점,2019.05.07.,마.라.조.아,5,대전 동구 동대전로 149 1층 (우)34608
642,탕화쿵푸마라탕 우송대점,2019.04.18.,나도별로임 내입맛이별론가 다시는안갈집임 ㅋ,1,대전 동구 동대전로 149 1층 (우)34608
643,탕화쿵푸마라탕 우송대점,2019.02.03.,마쉿서,5,대전 동구 동대전로 149 1층 (우)34608
644,탕화쿵푸마라탕 우송대점,2019.02.02.,보통이에요,3,대전 동구 동대전로 149 1층 (우)34608
645,로충칭마라탕,2020.09.07.,카카오 별점놈들은 역시 맘에 안드는 게 있을때만 와서 별테함. 좋은건 딱히 신경 안쓰지. 싫으면 별점 1점!  맛은 솔직히 현지급 넘사고 마라향도 강한 편. 그래서 지인이나 친구한테 물어봐도 여긴 마라탕 도전할 땐 먹지 말라고...  처음 먹어본 곳이지만 맛있었습니다. 솔직히 위생은 어느정도 지켜지면 그 이상 신경 안쓰는 사람이라 잘 모르겠는데 6천원부터 ...,5,충북 청주시 흥덕구 충대로 3-1 2층 (우)28594
646,로충칭마라탕,2020.04.25.,더럽다 더럽다 더럽다...위생이 정~~~~~~~~말 안좋아요. 고기가 제일 심각하게 더러움. 또 중국인 직원들이 재료들을 맨손으로 만지고 중간에 손으로 집어서 가끔 먹는걸 본적이 있어요.;; 그거보고 충격먹어서 다신 안가요. 맛평가를 하자면 마라탕은 별로고 훠궈가 그나마 먹을만해요 근데 먹기만하면 꼭 다음날에 배가 아픔.ㅋㅋㅋㅋㅋ 마라탕 드실분들은 여기말고...,1,충북 청주시 흥덕구 충대로 3-1 2층 (우)28594
647,로충칭마라탕,2019.12.31.,뭔가 마라맛이 너무 강하게 나서 혀가 좀 아팠다(?) 해야하나 입이 좀 화했어요 옛날엔 맛있었는데...,1,충북 청주시 흥덕구 충대로 3-1 2층 (우)28594
648,로충칭마라탕,2019.07.29.,"위생 더럽다고 적발됐던데 눈에 보이는 테이블이나 의자, 인테리어도 더럽고 어수선함",1,충북 청주시 흥덕구 충대로 3-1 2층 (우)28594
649,로충칭마라탕,2019.06.01.,좋아요,4,충북 청주시 흥덕구 충대로 3-1 2층 (우)28594
650,로충칭마라탕,2018.10.24.,마라탕 처음 먹어봄 중국 특유의 향이 짙게 남 중국 유학갔다온 친구 왈 현지랑 똑같다고 함 야채류는 신선한 편 고기는 다 냉동 주인아저씨? 친절한 듯 다들 한국어 조금씩 함 주차공간 따로 없음 사람 많음,2,충북 청주시 흥덕구 충대로 3-1 2층 (우)28594
651,로충칭마라탕,,쩐다,5,충북 청주시 흥덕구 충대로 3-1 2층 (우)28594
652,탕화쿵푸마라탕 마곡점,2020.10.10.,마라탕은 여기서만 먹을겁니다 정말 맛있어요ㅠㅠ,5,서울 강서구 마곡중앙6로 63 마곡테크노타워 1층 103호 (우)07803
653,탕화쿵푸마라탕 마곡점,2020.08.05.,"마라탕 0단계와 1단계, 꿔바로우 시켜서 맛있게 먹었답니다  0단계는 7살조카를 위해 시켰는데 1단계가 더 맛있대요 ㅋ 중국당면과 펀스가 없어서 아쉬웠지만 재료도 골고루 들어갔고 양도 푸짐했어요~또 갈거예요♡ 특유의 향 싫어하시는분들은 1단계로 도전해보세요 ~",4,서울 강서구 마곡중앙6로 63 마곡테크노타워 1층 103호 (우)07803
654,탕화쿵푸마라탕 마곡점,2020.07.13.,먹어본 중 최고!,5,서울 강서구 마곡중앙6로 63 마곡테크노타워 1층 103호 (우)07803
655,호오탕훠궈 상현점,2020.10.11.,깔끔하고 맛잇음,5,경기 용인시 수지구 광교중앙로296번길 6 광교어드밴스힐 1층 (우)16943
656,호오탕훠궈 상현점,2020.09.04.,최고예요,5,경기 용인시 수지구 광교중앙로296번길 6 광교어드밴스힐 1층 (우)16943
657,호오탕훠궈 상현점,2020.06.25.,가족들이랑 자주 와서 먹어요 셀프라 좋고 맛도 괜찮네요.,4,경기 용인시 수지구 광교중앙로296번길 6 광교어드밴스힐 1층 (우)16943
658,호오탕훠궈 상현점,2020.06.01.,여기 친절하고 좋음,5,경기 용인시 수지구 광교중앙로296번길 6 광교어드밴스힐 1층 (우)16943
659,호오탕훠궈 상현점,2020.05.04.,별로예요,1,경기 용인시 수지구 광교중앙로296번길 6 광교어드밴스힐 1층 (우)16943
660,호오탕훠궈 상현점,2019.11.03.,친절함.  무한리필이면서 셀프바도 깔끔하게 관리돼 있어 좋음. 재방문 의사 있음,5,경기 용인시 수지구 광교중앙로296번길 6 광교어드밴스힐 1층 (우)16943
661,텐파마라탕마라샹꿔,2020.11.23.,잘 먹었습니다 ^^,1,서울 강남구 압구정로79길 49 (우)06013
662,텐파마라탕마라샹꿔,2020.08.02.,최고예요,5,서울 강남구 압구정로79길 49 (우)06013
663,텐파마라탕마라샹꿔,2020.06.27.,처음엔 마라탕에 소고기추가 해서 먹었는데 고기추가한게 역시 더 맛있는 것 같아요  남은거 포장한 뒤 다음날 먹었는데 맛있었어요 두번째는 고기추가안했는데 그래도 맛있었어요 새우는 땅콩 많이들어가서 완전 술안주 느낌!! 좋아요!! 토달덮 소스?가 맛있어요 꿔바로우 맛있어요 찹쌀튀김이 적당히 도톰해서 좋더라고오 다른 중국요릿집에서 먹었을땐 소스가 식초향이 너무 ...,5,서울 강남구 압구정로79길 49 (우)06013
664,텐파마라탕마라샹꿔,2020.02.14.,고수향이 많이는 아니구 좀 나서 힘들긴 했는데 그래도 넘 맛있어용. 이번엔 담백한맛먹었는데 다음엔 보통맛 먹어보려구요!,4,서울 강남구 압구정로79길 49 (우)06013
665,텐파마라탕마라샹꿔,2020.01.12.,최고예요,5,서울 강남구 압구정로79길 49 (우)06013
666,텐파마라탕마라샹꿔,2019.10.06.,매월 첫/셋째주 일욜 휴무라고ㅠㅠㅠㅠ ,4,서울 강남구 압구정로79길 49 (우)06013
667,텐파마라탕마라샹꿔,2019.09.20.,최고예요,5,서울 강남구 압구정로79길 49 (우)06013
668,표표마라탕,2020.11.14.,봉천 근처에 마라샹궈 3~4군데 먹어봤는데 다 너무 별로라 항상 건대나 다른 곳 가서 먹었거든요ㅠㅠ근데 표표마라탕에서 파는 마라샹궈는 건대에 중국분이 하시는 곳이랑 똑같은 맛이 나요..심지어 가격은 더 싸ㅠㅠㅠㅠㅠ마라탕이랑 마라샹궈랑 같은 가격받는 곳은 처음봐요!! 꼭꼭 가보세요,5,서울 관악구 남부순환로210길 8 1층 (우)08785
669,표표마라탕,2020.10.22.,자주 시켜 먹어요. 맛있고 가격도 저렴해요ㅠㅠ 주인 아주머니 친절하세요,5,서울 관악구 남부순환로210길 8 1층 (우)08785
670,표표마라탕,2020.10.16.,좋아요,4,서울 관악구 남부순환로210길 8 1층 (우)08785
671,표표마라탕,2020.10.08.,우동마라샹궈 맛있음,4,서울 관악구 남부순환로210길 8 1층 (우)08785
672,표표마라탕,2020.08.05.,너무 맛있어서 일주일에 네번 갔어요 이 가격에 이 맛이라니 최고,5,서울 관악구 남부순환로210길 8 1층 (우)08785
673,표표마라탕,2020.08.05.,내 인생 마라샹궈 ,5,서울 관악구 남부순환로210길 8 1층 (우)08785
674,표표마라탕,2020.07.26.,별로예요,1,서울 관악구 남부순환로210길 8 1층 (우)08785
675,표표마라탕,2020.07.26.,가격혜자 맛혜자,5,서울 관악구 남부순환로210길 8 1층 (우)08785
676,표표마라탕,2020.07.26.,좋아요,4,서울 관악구 남부순환로210길 8 1층 (우)08785
677,표표마라탕,2020.07.22.,최고예요,5,서울 관악구 남부순환로210길 8 1층 (우)08785
678,표표마라탕,2020.07.17.,마라계의 TOP   강남쪽에 유명하다는 마라상궈를 먹어보고 마라에 대해 거부감이 들뻔했으나 이곳에서 먹어본후 매니아가 될정도로 맛있음   가격대도 너무 저렴하고 야채들이 신선함 아주머니들이 친절하셔서 생각날때마다 방문함,5,서울 관악구 남부순환로210길 8 1층 (우)08785
679,표표마라탕,2020.06.15.,깔끔,5,서울 관악구 남부순환로210길 8 1층 (우)08785
680,표표마라탕,2020.05.29.,"음식 맛은 좋은데, 코로나19 영향인지 배달 주문이 많이 밀려 있어서 배달 업체 라이더들이 와서 계속 불만을 표시함.  배달 앱 주문 체계에 문제가 있는 건지, 식당 사장님이 배달 주문 조절을 못하시는 건지 모르겠으나 개선이 필요해 보입니다.",3,서울 관악구 남부순환로210길 8 1층 (우)08785
681,표표마라탕,2020.05.28.,마라탕이 거기서 거기라는 착각을 없애버린 식당. 마라탕의 맛에 눈 뜨게 함. 맵게 먹으면 자극적이라 속이 상하지만 그래도 먹고 싶은 맛.,5,서울 관악구 남부순환로210길 8 1층 (우)08785
682,표표마라탕,2020.05.01.,움 .. 맛있는데 .. 모랄까? 그냥.. 음 .. 맛있당... 요정두. 소고기 추가했는데 양고기 추가해주셨다 하지만 양고기도 좋아해서 그냥 입닫고 먹었다,4,서울 관악구 남부순환로210길 8 1층 (우)08785
683,표표마라탕,2020.04.28.,최고에요. 양 많고 가격도 좋아요ㅠㅠ 그리고 맛있구 친절하시고..! 한가지 아쉬운게 있다면 콩소스가 없다는 점! 저는 약간 마라탕 야채나 고기 콩소스 찍어먹는 맛으로 먹어서 ㅎㅎ 다음에 포장해서 콩소스는 중국식료품 점에서 따로 사서 같이 먹을려구요 아그리고 꽃방+마라탕 조합 좋아요 최고,5,서울 관악구 남부순환로210길 8 1층 (우)08785
684,표표마라탕,2020.04.18.,맛있고 저렴하고 친절하심,5,서울 관악구 남부순환로210길 8 1층 (우)08785
685,표표마라탕,2020.03.31.,"*꼭 가야하는 이유: 그냥 맵고 짜기만 한 자극적인 마라가 아니라 진짜 맛있는 마라탕, 마라샹궈가 먹어보고 싶을때   *굳이 안가도 되는 이유: 본인이 향신료에 약하다면 어려울 수 있음.",5,서울 관악구 남부순환로210길 8 1층 (우)08785
686,표표마라탕,2020.03.19.,서울대 최고 마라탕집,5,서울 관악구 남부순환로210길 8 1층 (우)08785
687,표표마라탕,2020.03.09.,"친절하고 싸고 맛있고, 대부분 마라탕집이 한국인 입맛에 맞춰져 있는데 여긴 아님. 정말 맛있다",5,서울 관악구 남부순환로210길 8 1층 (우)08785
688,표표마라탕,2020.02.16.,배달해서 먹었는데 간간하니 맛있음,4,서울 관악구 남부순환로210길 8 1층 (우)08785
689,표표마라탕,2020.02.11.,맛있어요! 탕도 샹궈도! ,5,서울 관악구 남부순환로210길 8 1층 (우)08785
690,표표마라탕,2020.02.05.,"마라탕보다는 마라샹궈 , 포장 후 집에서 계란볶음밥 필수 미미!",5,서울 관악구 남부순환로210길 8 1층 (우)08785
691,표표마라탕,2019.12.06.,푸짐하나 짜다,3,서울 관악구 남부순환로210길 8 1층 (우)08785
692,표표마라탕,2019.11.19.,"화요일 휴무고 3시부터 4시반까지 브레이크타임이에요 , , ,",5,서울 관악구 남부순환로210길 8 1층 (우)08785
693,표표마라탕,2019.10.31.,"주인분 친절하시고, 마라샹궈 가격이 독보적으로 저렴합니다. 다만 주문이 많아 매우 늦게 나오고, 샹궈가 너무너무너무 짭니다. 테이블도 끈적거립니다.",2,서울 관악구 남부순환로210길 8 1층 (우)08785
694,표표마라탕,2019.10.28.,정말 맛있어요 굉장히 바빠보이는데도 불구하고 사장님도 친절하십니다. 단점은 가게가 덥고 배달이 많아 홀 주문을 기다려야 할 수도...,5,서울 관악구 남부순환로210길 8 1층 (우)08785
695,표표마라탕,2019.10.06.,한 달 정도 쉬고 다른 자리로 이전하신다네요,5,서울 관악구 남부순환로210길 8 1층 (우)08785
696,표표마라탕,2019.09.24.,아니 먹고싶은데.... 원래 전화 안 받나요ㅠㅜㅠ,3,서울 관악구 남부순환로210길 8 1층 (우)08785
697,표표마라탕,2019.09.03.,으앙 맛있어,5,서울 관악구 남부순환로210길 8 1층 (우)08785
698,표표마라탕,2019.09.02.,최고.........! 사장님 번창하세요ㅠㅠ,5,서울 관악구 남부순환로210길 8 1층 (우)08785
699,표표마라탕,2019.09.01.,진짜 ㄹㅇ개존맛,5,서울 관악구 남부순환로210길 8 1층 (우)08785
700,표표마라탕,2019.07.17.,맛있어요 포장하면 오래 안기다려도 되고 좋습니다,5,서울 관악구 남부순환로210길 8 1층 (우)08785
701,표표마라탕,2019.06.25.,테이블에서 냄새 남,1,서울 관악구 남부순환로210길 8 1층 (우)08785
702,표표마라탕,2019.06.25.,맛있고 친절하고 가격도 깜짝 놀랄 정도고 넘 좋은데 옆 테이블과 간격이 좁아도 너무 좁다. 여기는 포장이 딱.,4,서울 관악구 남부순환로210길 8 1층 (우)08785
703,표표마라탕,2019.05.27.,마라맛을 느끼기엔 여기가 제일좋음 다른곳가면 밍밍해서 못먹어요 맛있는만큼 손님많아서 웨이팅이 길다.. 배달도 됨 내 친구들 자꾸 마라탕먹으로 울집온다,5,서울 관악구 남부순환로210길 8 1층 (우)08785
704,표표마라탕,2019.05.25.,최고예요,5,서울 관악구 남부순환로210길 8 1층 (우)08785
705,표표마라탕,2019.05.18.,집근처면 맨날 가고싶은 집. 맛 가성비 친절 어느하나 흠잡을데가 없음. 라***에 실망하고 이곳에서 마라수혈 제대로 했어요. ,5,서울 관악구 남부순환로210길 8 1층 (우)08785
706,표표마라탕,2019.05.07.,조금 구석에 있는 작은 곳이라 놀랐지만 그 맛만은 최고!! 마라탕 별로 안좋아했는데 자꾸생각나는곳.,5,서울 관악구 남부순환로210길 8 1층 (우)08785
707,표표마라탕,2019.04.28.,미치고팔짝뛰는쥰맛,5,서울 관악구 남부순환로210길 8 1층 (우)08785
708,표표마라탕,2019.04.13.,진짜 마라샹궈,5,서울 관악구 남부순환로210길 8 1층 (우)08785
709,표표마라탕,2019.02.11.,미친맛 ㅋㅋㅋ,5,서울 관악구 남부순환로210길 8 1층 (우)08785
710,표표마라탕,2018.12.20.,오져벌인 존맛....... ,5,서울 관악구 남부순환로210길 8 1층 (우)08785
711,탕화쿵푸마라탕 둔산점,2020.11.11.,맛은 있어요. 친절하십니다. ,4,대전 서구 둔산로31번길 38 우전빌딩 2층 (우)35229
712,탕화쿵푸마라탕 둔산점,2020.06.15.,맛으로는 뭐라안하겠음 그런데 직원이 맨손으로 음식을 다 만지고 다님 음식 정리를 다 맨손으로 하고있음 ,1,대전 서구 둔산로31번길 38 우전빌딩 2층 (우)35229
713,탕화쿵푸마라탕 둔산점,2020.05.24.,맛있는데 좀 드러움 물통 안씻음,2,대전 서구 둔산로31번길 38 우전빌딩 2층 (우)35229
714,탕화쿵푸마라탕 둔산점,2020.05.03.,"맛은보통이에요. 매운정도1로 먹었었는데, 마라맛보다 땅콩소스맛이 더 강했어요. 땅콩소스 안좋아하는샤람이라면 여긴 피하세요 소스가 따로 없어서 아쉽고, 직원이 계산할 때 뭐 물어봤는데, 좀 불쾌한표정지으셔서 불편했네요",3,대전 서구 둔산로31번길 38 우전빌딩 2층 (우)35229
715,탕화쿵푸마라탕 둔산점,2020.03.14.,여기 탕화쿵푸가 최고에요 ㅜ 최고 마라탕 탕화쿵푸,5,대전 서구 둔산로31번길 38 우전빌딩 2층 (우)35229
716,탕화쿵푸마라탕 둔산점,2020.01.09.,19000짜리 치고 가격이 좀 아쉬움 이것저것 꼬치 담다보면 가격이 부지기수로 올라감 맛은 괜찮았음!!마라탕 자체 맛은 갠차늠 가격이 부담되면 재료를 선별해서 가성비로 먹는법을 찾고 갈것,3,대전 서구 둔산로31번길 38 우전빌딩 2층 (우)35229
717,탕화쿵푸마라탕 둔산점,2019.12.30.,"재료의 신선도는 아쉬운 면이 있었지만, 마라탕의 맛 자체는 흠 잡을 데 없음. 향신료 향이 강하지는 않아도 맛있고 중독성 있는 매운 맛.",4,대전 서구 둔산로31번길 38 우전빌딩 2층 (우)35229
718,탕화쿵푸마라탕 둔산점,2019.12.17.,맛있어요bb 중독되는 맛,4,대전 서구 둔산로31번길 38 우전빌딩 2층 (우)35229
719,마라고메 방이점,2020.11.22.,소스를 만들어 먹을수 있어서 좋아요!,4,서울 송파구 올림픽로32길 13 (우)05543
720,마라고메 방이점,2020.11.14.,여기 마라탕이 제일 맛있어요!,5,서울 송파구 올림픽로32길 13 (우)05543
721,마라고메 방이점,2020.11.08.,맛은 있는데 위생상태가 좀.. 갈때마다 우리가 고르지 않은 다른 재료가 마라탕안에 있다... ,3,서울 송파구 올림픽로32길 13 (우)05543
722,마라고메 방이점,2020.10.04.,지금까지 먹은 마라탕 중에 제일 별로예요 밍밍하고 기름맛만 나요.,1,서울 송파구 올림픽로32길 13 (우)05543
723,마라고메 방이점,2020.09.28.,진짜 맛있음,5,서울 송파구 올림픽로32길 13 (우)05543
724,마라고메 방이점,2020.08.18.,진짜맛있는데 단무지없어서 약간 까비... 꿔바로우도 맛있어욤,5,서울 송파구 올림픽로32길 13 (우)05543
725,마라고메 방이점,2020.07.19.,저는 마라탕 집에서 햄을 꼬치로 해서 1000원씩 받는건 또 처음이네요 그리고 다른 마라탕집보다도 비싸고 뭐 담지도 않았는데 가격 확나오고 ,1,서울 송파구 올림픽로32길 13 (우)05543
726,마라고메 방이점,2020.06.22.,주차하시는분 다짜고짜 찾아와서 차키내놓으라고하고 운전을 어찌나 험하게하고 불친절하던지.. 두번다시가고싶지않습니다,1,서울 송파구 올림픽로32길 13 (우)05543
727,마라고메 방이점,2020.06.09.,최애 마라탕집  꿔바로우 안시키면 바보예요,5,서울 송파구 올림픽로32길 13 (우)05543
728,마라고메 방이점,2020.06.02.,불친절해요,1,서울 송파구 올림픽로32길 13 (우)05543
729,마라고메 방이점,2020.05.18.,아또먹고싶다 최고,4,서울 송파구 올림픽로32길 13 (우)05543
730,마라고메 방이점,2020.04.24.,핵!맛! ㅋㅋ 마라탕 맛집 너무너무 죠아용~!~!~! 밥 무료 사라져서 슬프지맘 ㅠㅠ 포장해갈때 1천원 밥 시키면 미안할 정도로 많이주심 ㅠㅠ 한 3인분..? 주시는듯... 집에 오면 글라스락에 담아놓고 먹을 정도로 많이줌 ㅠㅠ 감삼다... 마라탕 진짜 맛나요,5,서울 송파구 올림픽로32길 13 (우)05543
731,마라고메 방이점,2020.04.19.,백만년만에 마라탕!! 꿔바로우와 먹으니 존맛탱^^ 얼얼 매콤해서 먹고나면 스트레스 해소각ㅎㅎ,4,서울 송파구 올림픽로32길 13 (우)05543
732,마라고메 방이점,2020.02.22.,한국화된 마라탕. 무난하게 입문하기엔 괜찮겠지만 마라경험이 있다면 실망스러울 맛. 꿔바는 맛있음. 가격이 너무 비쌈.,2,서울 송파구 올림픽로32길 13 (우)05543
733,마라고메 방이점,2020.02.03.,맛있었음,4,서울 송파구 올림픽로32길 13 (우)05543
734,마라고메 방이점,2019.12.01.,마라샹궈...진짜 최고!!!!!맛집이예여!!ㅠㅠ주1회정도는 가줘야 합니다..중독..사이드메뉴들도 다다다다 맛있어요 여기 맛집입니댜 ㅎㅎ,5,서울 송파구 올림픽로32길 13 (우)05543
735,마라고메 방이점,2019.10.09.,존맛인데 인기 많아지니 가격제한 생기고 무료 쌀밥도 사라짐ㅠㅠ,4,서울 송파구 올림픽로32길 13 (우)05543
736,마라고메 방이점,2019.08.13.,안 가봤는데 걍 평점 올려주고 싶었음,5,서울 송파구 올림픽로32길 13 (우)05543
737,마라고메 방이점,2019.06.19.,제 입맛엔 너무 좋아요!  맛집이라고 하는 곳 가봐도 고기국물에서 누린내나고 느끼한 집 많았는데 적당히 진한 맛에 가게도 깔끔하구 너무 좋아요!,5,서울 송파구 올림픽로32길 13 (우)05543
738,마라고메 방이점,2019.04.27.,마라탕 먹었는데 맛은 쏘쏘. 맛있게 잘 먹음. 친구말로는 국물의 깊은맛이 라*방보다 덜하다고 함. 꿔바로우는 내가 찹쌀튀김을 먹는건가 싶을정도로 찹쌀이 많았음...ㅠ,3,서울 송파구 올림픽로32길 13 (우)05543
739,마라탕 맛집,,,,
