num,리스트항목,가게이름,가게코드,평점,리뷰,날짜,주소
0,훠궈,미가양고기,12065307,5,정신없다.웨이팅길다. 불친절하다. 하지만 존맛탱이다! 위에 세가지를 감수하고 먹을수있는맛집! (※일하시는 분들이 모두 중국분이라 의사소통이좀힘듬),2020.10.14.,경기 용인시 수지구 풍덕천로148번길 22 1층 (우)16835
1,훠궈,미가양고기,12065307,1,"요리맛만 좋다고 맛집일까요? 음식맛 소문 좀 나고 사람 몰리니 서비스 개판되는게 당연한 것처럼 고객 홀대하는 음식점으로 변질되었네요...ㅜ.ㅜ 손님 붙잡아 두려고 대기시간도 엉터리로 알려주고, 일행중 일부가 먼저가서 주문하려는데도 전원이 올때까진 안된다고 빈자리도 내주지 않는군요... 이런 집을 뭐가 좋다고 자꾸 가는지... 초기엔 맛집이었을지 모르나 지금은 서비스 최악인 집입니다...",2020.10.11.,경기 용인시 수지구 풍덕천로148번길 22 1층 (우)16835
2,훠궈,미가양고기,12065307,1,"최악입니다. 40분 기다리라 했는데 1시간 반 기다리게 해놓고, 주문해놓은 메뉴 나오느라 또 기다리게 만듬. 맛은 둘째치고 대기열 관리가 개판입니다. 2시간 기다리게 만들거었으면 받지를 말아야죠. 웨이팅은 대기예상시간을 대충이라도 맞게 이야기했을때 웨이팅이지 40분 이야기하고 2시간 기다리게 만들면 사기 아닙니까?",2020.10.03.,경기 용인시 수지구 풍덕천로148번길 22 1층 (우)16835
3,훠궈,미가양고기,12065307,1,웨이팅길고 정신없음,2020.09.17.,경기 용인시 수지구 풍덕천로148번길 22 1층 (우)16835
4,훠궈,미가양고기,12065307,5,인생훠궈...,2020.08.29.,경기 용인시 수지구 풍덕천로148번길 22 1층 (우)16835
5,훠궈,하이디라오 강남점,1372079546,5,최고예요,2020.11.07.,서울 서초구 서초대로77길 54 서초w타워 2층 (우)06611
6,훠궈,하이디라오 강남점,1372079546,4,"별 7개도 주고 싶음 진짜 너무 맛있음 소스도 맛있지만 육수가 진짜 말도 못함! 특히 버섯이랑 삼계 무조건 먹어야 함! 일주일에 2,3번은 가는 듯. 지금도 가고 있음 ㅋㅋ 별 하나 뺀거는 양고기가 냄새 많이 남 중국 유학생인 친구도 냄새 많이 난다고 코막음 ㅋ 그거 빼고는 친절하고 깨끗하고 아주 많이 만족스러움! 사진은 훠궈지만 삼계가 존맛임! ",2020.10.10.,서울 서초구 서초대로77길 54 서초w타워 2층 (우)06611
7,훠궈,하이디라오 강남점,1372079546,4,벌써 이 지점만 3번째 방문이네요~ 낮시간에 방문하면 채광이 정말 좋아요ㅎㅎ 그리고 직원분들 갈 때 마다 하나같이 친절하시고 훠궈소스 완자소스 조합도 추천해주셔서 더 맛있게 먹을 수 있어 좋아용ㅎㅎㅎ ,2020.08.29.,서울 서초구 서초대로77길 54 서초w타워 2층 (우)06611
8,훠궈,하이디라오 강남점,1372079546,4,"너무 과도한 친절 너~~~~무 계속 먹는 거 감시하고 하 우리 대화내용도 다 엿듣는 기분 계속 뒤에서 어슬렁 어슬렁 밥 먹다가 입 닦은 휴지 중간중간 계속 치워주는데 너~~~무 불편함 정말 과도한 미친 친절,,, 맛은 있으나 재방문 의사는 없음.",2020.08.26.,서울 서초구 서초대로77길 54 서초w타워 2층 (우)06611
9,훠궈,하이디라오 강남점,1372079546,4,전체적으로 맛도있고 좋았어요~,2020.08.21.,서울 서초구 서초대로77길 54 서초w타워 2층 (우)06611
10,훠궈,훠궈야 판교아브뉴프랑점,1022699560,4,존맛이었는데 왤케 평점이 낮지...소고기세트 시키고 고기추가함 아 고기양이 적긴함... 근데 토마토육수 존맛...! 홍탕도 젤 안매운거 했는데도 얼큰했음 친구들은 맵다고함..,2020.10.19.,경기 성남시 분당구 동판교로177번길 25 2층 223호 (우)13525
11,훠궈,훠궈야 판교아브뉴프랑점,1022699560,5,"중국에서 먹던 중위권 훠궈집급 토마토탕 맛있고, 하이디라오보다 가기 쉬워서 자주 갈 듯합니다. 마장 맛잇네요 :) ",2020.08.18.,경기 성남시 분당구 동판교로177번길 25 2층 223호 (우)13525
12,훠궈,훠궈야 판교아브뉴프랑점,1022699560,1,"훠궈야 좋아하던 맛집이었는데, 오랜만에 오니 세트 양이 엄청 줄어들었네요. 어느날부터 꿔바로우 굵기가 얇아졌는데; 오늘은 아예 양이 확 줄었네요. 볶음밥도 윤기 없어지고 맛이 없어졌어요. ",2020.08.14.,경기 성남시 분당구 동판교로177번길 25 2층 223호 (우)13525
13,훠궈,훠궈야 판교아브뉴프랑점,1022699560,5,가격은 일반 마라탕 2배쯤 하지만 판교라는 위치상 감안하고 그 가격만큼 깔끔하고 맛있어요! 위생적이고 깔끔한맛으로 인정합니다,2020.07.16.,경기 성남시 분당구 동판교로177번길 25 2층 223호 (우)13525
14,훠궈,훠궈야 판교아브뉴프랑점,1022699560,1,예전에는 괜찮았던거 같은데. 점점 위생 및 전반적인 사항이 별로입니다.,2020.05.29.,경기 성남시 분당구 동판교로177번길 25 2층 223호 (우)13525
15,훠궈,불이아 본점,20233508,4,좋아요,2020.10.24.,서울 마포구 동교로 182-6 (우)03995
16,훠궈,불이아 본점,20233508,5,맛있었어요 !  진짜 중국식 훠궈  짱좋아요,2019.01.04.,서울 마포구 동교로 182-6 (우)03995
17,훠궈,불이아 본점,20233508,2,"음식은 맛있었다만, 남자 알바생이 일하기 싫은지 내내 표정 굳어있어서 기분 별로였음. 소스는 어디서 가져와서 먹는건지 이런것들 하나도 설명 안해주고 ㅋ 띡 음식만 갖다줌. 그래서 소스를 셀프로 떠다 먹어야 한다는 것도 몰랐고 벨 눌러서 소스달라고 했더니 왜 그런걸 나한테 달라고 하지? 라는 표정으로 “셀프인데요.” 하는데 어이가 없더라. 맛은 있었지만 기분은 별로였음",2018.12.07.,서울 마포구 동교로 182-6 (우)03995
18,훠궈,불이아 본점,20233508,3,"훠궈의 경우 안나카레니나의 첫 문장과는 반대로, 맛있는 훠궈들은 제각각의 연유로 매력이있지만 맛이 없어지는 훠궈들은 대개 비슷한 행보로 몰락해간다. 그 첫번째 스텝은 백탕의 존재감이 밋밋해지는 것에서 출발한다. 물론 백탕이 밋밋하면 당연히 홍탕도 밀도가 떨어지나 향신료와 마유의 자극으로 티가 덜 난다. 두번째 스텝은 홍탕에서도 확연히 떨어지는 밀도감이 드러나는 것이며 이쯤 온 훠궈집에서는 매운 음식을 못 먹는 사람에게도 백탕이 외면받게 마련이고, 너나 할 것 없이 숟가락은 쓸 일이 없게 된다.세번째 스텝까지 오면 누가 산다고 하더라도 갈 일이 없는 집이 되는데, 재료. 특히 육류의 선도와 질, 더불어 직원들의 친절도와 능숙함이 확연히 떨어진다. 불이아는 두번째 걸음을 내딛은 채 멈춰 서있는 훠궈집으로, 백탕은 굳이 재료를 넣고싶지 않은 정도의 밋밋함을 보이며 홍탕은 맵기가 떨어졌으나 취향의 문제라 억지로 차치한다면 옛 맛을 떠올리지않을 경우 이정도는 나쁘지않다고 평가할 만큼의 수준을 유지하고 있다. 셀프마장 코너의 고수는 부드럽고 향긋한 잎보다 억세고 독한 줄기가 가득 차 있는 것이 현재 불이아의 단편을 보는 듯 하며 직원들은 친절하려고 노력하나 여유나 배려가 있지 못하고 손님이 가득 차지않은 평일 저녁에도 일에 치이는 기색으로 손님을 기분좋게 해 주지는 못한다.하여 지금의 내게 홍대 불이아는 누가 가고싶다며 가고자한다면 따라는 가겠으나 내가 먼저 가자고 할 마음은 안드는 정도의 존재감으로 자리한다. 둘도 없는 우리에서 둘로 나뉜 우리가 된 弗二我는 낙엽이 다 떨어져가는 11월의 가로수같아 어쩐지 허전하고 씁씁하다.",2018.11.21.,서울 마포구 동교로 182-6 (우)03995
19,훠궈,불이아 본점,20233508,1,와이파이없는곳 처음본다,2018.08.26.,서울 마포구 동교로 182-6 (우)03995
20,훠궈,인량 훠궈,980076754,4,직원들은 매우 친절하고 식당이 매우 깨끗함. 완자가 진짜 맛있음. 인생 훠궈라고 하기엔 불이아가 너무 맛있었던 걸까. 그래도 하이디라오 보단 낫다!,2020.11.01.,서울 강남구 강남대로140길 9 비피유빌딩 지하2층 (우)06043
21,훠궈,인량 훠궈,980076754,2,조금 아쉬워요,2020.10.11.,서울 강남구 강남대로140길 9 비피유빌딩 지하2층 (우)06043
22,훠궈,인량 훠궈,980076754,1,"최악입니다. 댓글보고 귀한분들 모시고 갔다.. 아.. 세상이 블로그 리뷰에 미친 듯.. 브로그 믿지마세요... ps.추천,믿고 저도 첨 갔지만 .. . 음식점서 열심하시는 분께 팁으로 수십만원 이상 주는게 후회 없을 듯, ",2020.08.12.,서울 강남구 강남대로140길 9 비피유빌딩 지하2층 (우)06043
23,훠궈,인량 훠궈,980076754,4,고급 훠궈집에서 손님을 모시고 싶은 당신에게 추천한다. 가격대가 많이 비싸 3인 기준 배불리 좋은 음식으로 먹으면 25만원 정도 지출된다. 한국인들이 좋아하는 하이디라오와는 다른 좀 더 중국향이 강한 전통 중식 훠궈를 원한다면 추천한다. ,2020.06.29.,서울 강남구 강남대로140길 9 비피유빌딩 지하2층 (우)06043
24,훠궈,인량 훠궈,980076754,4,고급스럽고 가물치 맛있어요 완자도 탱글탱글 탕 국물맛은 그럭저럭이에요. 쓰촨탕은 제 취향은 아님 아 버섯 종류가 많고 맛있네요,2020.06.10.,서울 강남구 강남대로140길 9 비피유빌딩 지하2층 (우)06043
25,마라샹궈,애정마라샹궈 본점,25451287,5,존맛임...,2020.11.05.,서울 성북구 동소문로20나길 11 2층 (우)02845
26,마라샹궈,애정마라샹궈 본점,25451287,3,마라탕은 그냥 그랬고 꿔바로우가 특히 맛있어요,2020.11.02.,서울 성북구 동소문로20나길 11 2층 (우)02845
27,마라샹궈,애정마라샹궈 본점,25451287,2,"아 진심 완전 좋아하던 곳인데 실망..; 간만에 친구랑 갔는데 서버분들 안쓰러울 정도로 사람이 엄청나게 많음; 홀에서 나오는 모든 요구사항들을 감당하기 힘들어서 친절은 하시지만 서비스가 예전보다 현저히 떨어지네요.. 원래 항상 가면 달걀볶음밥이랑 마라샹궈랑 같이 먹는 거 좋아하는데 볶음밥 양이 진짜;;;;; 1인분? 정도 되는 양이 나와서 바로 말씀드리니 다시 해준다 하셨고 먹어보니 처음 나온 거에 그냥 밥만 추가해놨어요ㅡㅡ 진짜 싱겁고 그냥 차라리 공깃밥을 시키는 게 백배 나았을 듯..마라샹궈는 평소보다 많이 짰고 이제 다신 안 갈 듯 가실 분들 점심 저녁 피크 시간대 피해서 가시길,,",2020.10.24.,서울 성북구 동소문로20나길 11 2층 (우)02845
28,마라샹궈,애정마라샹궈 본점,25451287,5,"가격은 비싼데 마라샹궈, 마라탕 둘 다 먹어본것 중에 최고 코로나 끝나면 또 가야지",2020.10.23.,서울 성북구 동소문로20나길 11 2층 (우)02845
29,마라샹궈,애정마라샹궈 본점,25451287,4,맛잇음 꿔바로우는 양 대비 비싸서 좀 비추.. 퇴근하다가 30분 웨이팅 해도 꼭 포장해오는집,2020.10.16.,서울 성북구 동소문로20나길 11 2층 (우)02845
30,마라샹궈,천유향마라향솥,1051836472,5,마라샹궈중에 단일 최고입니다,2020.06.13.,인천 부평구 경인로 952 (우)21425
31,마라샹궈,천유향마라향솥,1051836472,5,마라샹궈 넘버원,2020.06.11.,인천 부평구 경인로 952 (우)21425
32,마라샹궈,천유향마라향솥,1051836472,4,1년동안 다니고 있는 마라샹궈 맛집입니다 땅콩소스가 있었으면 좋겠어요! ,2020.05.30.,인천 부평구 경인로 952 (우)21425
33,마라샹궈,천유향마라향솥,1051836472,5,"여긴 진짜 독보적이에요.  제가 여기서 마라샹궈를 시작했는데 다른 곳들도 여기만큼 맛있을 줄 알고 열 군데 넘게 다른 곳들 다녔는데 여기 음식집 맛에 단 1%도 못 쫓아와요.  여기가 탑 오브 탑입니다, 진짜에요.   지금 집 파주로 이사했는데 샹궈 먹을때는 일부러 여기 가서 먹습니다. ",2020.02.24.,인천 부평구 경인로 952 (우)21425
34,마라샹궈,천유향마라향솥,1051836472,5,너무....너무 맛있어요.... 여기서 샹궈 먹은 뒤로 다른데서 못먹어요..ㅠㅠ 맨날먹고싶은데... 혼자선 비싸서 아쉽네요.. ㅠㅠ,2019.11.28.,인천 부평구 경인로 952 (우)21425
35,마라샹궈,두만강샤브샤브 봉천점,13306781,5,너무 맛있어서 자주 갈 것 같아요. 화장실은 별로지만..,2020.10.11.,서울 관악구 봉천로 537 1층 (우)08789
36,마라샹궈,두만강샤브샤브 봉천점,13306781,5,최고예요,2020.09.25.,서울 관악구 봉천로 537 1층 (우)08789
37,마라샹궈,두만강샤브샤브 봉천점,13306781,1,"맛있게 먹었지만 가게 내부 냄새와 불청결함.. 폰으로 전화 받으면서 한 손으로 서빙하시고.. 중국인인거 알지만 가게청결, 서빙하는 주인분도 다 청결하게 유지하면 좋겠어요. 맛을 떠나서 너무 더러워서 다신 안갈듯",2020.09.01.,서울 관악구 봉천로 537 1층 (우)08789
38,마라샹궈,두만강샤브샤브 봉천점,13306781,3,몇가지 주력 메뉴는 정말 맛있다 특히 가지덮밥 맛집 전체적으로 저렴하다.  그러나 튀김의 바삭함이 너무 복불복급 가서 먹는튀김이 눅눅하기 어려운데 그만큼 복불복,2020.07.17.,서울 관악구 봉천로 537 1층 (우)08789
39,마라샹궈,두만강샤브샤브 봉천점,13306781,4,진짜 오랜만에 갔는데 예전에 먹었던 식초맛 꿔바로우가 아니라 너어무 맛있어짐. 여기 왜 이렇게 매번 맛이 다른 걸까.. 잘 하는 메뉴들이 있고 저렴하고 친절하고 한끼 뚝딱 한잔 짠 하기 좋아서 좋아했던 동네 음식점. 지삼선 퀄이 진짜 최고였는데 언젠가부터 오락가락해서 너무 아쉬움. 지삼선뿐만 아니라 쯔란양고기 퀄도 오락가락이고 바쁠 때면 특히 심함.. 마라샹궈와 훠궈는 가격으로나 맛으로나 이제 대체할 만한 곳이 너무 많음. 여기 마라탕은 마라 초보자라면 충분히 좋아할 만한 한국 전골 같은 느낌임.,2020.05.31.,서울 관악구 봉천로 537 1층 (우)08789
40,마라탕,라공방 강남1호 본점,146674691,1,가지마세요 위생 청결 최악 ㅡㅡ,2020.11.09.,서울 강남구 테헤란로4길 6 센트럴애비뉴 지하1층 B113호 (우)06232
41,마라탕,라공방 강남1호 본점,146674691,2,오픈초에는 진짜 깔끔했는데 갈수록...,2020.11.03.,서울 강남구 테헤란로4길 6 센트럴애비뉴 지하1층 B113호 (우)06232
42,마라탕,라공방 강남1호 본점,146674691,1,기대하고 갔는뎁..싱겁고 음 재료에 간이 하나도 베어있지 않았다..ㅠㅠ  글구 직원도 좀 불친절..ㅎㅎ,2020.11.01.,서울 강남구 테헤란로4길 6 센트럴애비뉴 지하1층 B113호 (우)06232
43,마라탕,라공방 강남1호 본점,146674691,3,보통이에요,2020.10.17.,서울 강남구 테헤란로4길 6 센트럴애비뉴 지하1층 B113호 (우)06232
44,마라탕,라공방 강남1호 본점,146674691,4,마라샹궈 맛집,2020.09.21.,서울 강남구 테헤란로4길 6 센트럴애비뉴 지하1층 B113호 (우)06232
45,마라탕,매운향솥 본점,19983662,4,마라샹궈는 이집.,2020.10.19.,서울 광진구 동일로18길 61 (우)05072
46,마라탕,매운향솥 본점,19983662,5,역시 마라샹궈는 매운향솥 ...!  불친절하다고 느낀적없음,2020.10.18.,서울 광진구 동일로18길 61 (우)05072
47,마라탕,매운향솥 본점,19983662,1,심각하게 불친절,2020.09.28.,서울 광진구 동일로18길 61 (우)05072
48,마라탕,매운향솥 본점,19983662,3,어우 짜,2020.08.17.,서울 광진구 동일로18길 61 (우)05072
49,마라탕,매운향솥 본점,19983662,4,맛있다. 근데 항상 2단계 매운맛으로 하는데 맵기가 갈 때마다 다른 느낌?,2020.08.13.,서울 광진구 동일로18길 61 (우)05072
50,마라탕,칠기마라탕,1376289584,5,마라샹궈 꿀맛 꿔바로우 개꿀맛,2020.11.10.,서울 동대문구 제기로5길 35 (우)02473
51,마라탕,칠기마라탕,1376289584,5,돔페리뇸뇸굿~,2020.10.28.,서울 동대문구 제기로5길 35 (우)02473
52,마라탕,칠기마라탕,1376289584,5,너무 맛있어요 꿔바로우도 존맛,2020.10.28.,서울 동대문구 제기로5길 35 (우)02473
53,마라탕,칠기마라탕,1376289584,2,꿔바로우 개맛있고 마라탕은 그저 그럼 직원들 인성이 좀..ㅎ 종특나옴,2020.10.24.,서울 동대문구 제기로5길 35 (우)02473
54,마라탕,칠기마라탕,1376289584,5,"와.. 진짜 마싯어요 ㅠㅠㅠㅠㅠ 꿔바로우 세상에서 젤 맛있음 내가 먹어 본 꿔바로우 중에 체고 ,, 마라샹궈도 평소에 먹던 마라샹궈랑 달리 약간 간장맛이 나서 처음에는 생소했는데 먹다보니 존맛 ,, ",2020.10.14.,서울 동대문구 제기로5길 35 (우)02473
55,마라탕,손오공마라탕,898487564,3,마라탕 100g 1800원... 왤케 비싸,2020.11.04.,서울 마포구 양화로18길 15 (우)04051
56,마라탕,손오공마라탕,898487564,4,마라샹궈가 기가 막혀요,2020.11.04.,서울 마포구 양화로18길 15 (우)04051
57,마라탕,손오공마라탕,898487564,2,중국 살다온 사람은 안다. 뭔가 맛이 미묘함 재료도 조금 많았으면 좋겠다,2020.11.01.,서울 마포구 양화로18길 15 (우)04051
58,마라탕,손오공마라탕,898487564,5,밍밍하다고 했던 그대는... 정녕 이곳의 본질을 깨달은 자인가...? 손오공 마라탕 홍대점의 마라탕을 먹은 후... 나는 다른 곳의 마라탕을 먹지 못하는 몸이 되었다... 두부는 쫄깃하고 육수의 진하기는 다른 곳이 따라갈 수 없을 정도이다... 마라탕의 이데아가 있다면 바로 이곳이다. 이데아를 깨달은 나는 그 그림자를 먹어도 채워지지 않는다... 다들 부디 이곳의 마라탕을 먹어보길 바란다......,2020.10.29.,서울 마포구 양화로18길 15 (우)04051
59,마라탕,손오공마라탕,898487564,5,꿔바로우 먹으러 가는 곳.. 예전에는 마라탕도 맛있었는데 최근에 맛이 좀 변한 거 같다고 느꼈어요,2020.10.26.,서울 마포구 양화로18길 15 (우)04051
60,마라탕,헤이 요우지아씨아오마오차이 한국1호점,1702257304,1,젊은 양반이 사장인가 말이 많음 잔소리가...맛도 특별히 좋은 줄 모르겠고 근처에 있는 로**마라탕이 더 괜찮은 듯,2020.11.08.,대전 유성구 궁동로 49 자연아파트 상가 104호 (우)34138
61,마라탕,헤이 요우지아씨아오마오차이 한국1호점,1702257304,1,맛은 그냥 그랬는데 먹다가 머리카락 나와서 그 뒤론 한번도 안가봤네요...뭐 음식점이 엄청 깨끗하진 않겠지만 제 마라탕에서 긴 머리카락이 나오니 기분이 썩 좋지는 않더라구요..^^,2020.08.24.,대전 유성구 궁동로 49 자연아파트 상가 104호 (우)34138
62,마라탕,헤이 요우지아씨아오마오차이 한국1호점,1702257304,5,친구랑 갔었는데 특이하고 굿,2020.06.29.,대전 유성구 궁동로 49 자연아파트 상가 104호 (우)34138
63,마라탕,헤이 요우지아씨아오마오차이 한국1호점,1702257304,3,가격보고 집게 달아서 만원에 맞추심 ㅎㅎㅎ 맛은 잇음. 맵기적당. 웨이팅하면 밖에서 너무 오래기다려야 함,2020.04.09.,대전 유성구 궁동로 49 자연아파트 상가 104호 (우)34138
64,마라탕,헤이 요우지아씨아오마오차이 한국1호점,1702257304,5,존맛탱,2020.01.18.,대전 유성구 궁동로 49 자연아파트 상가 104호 (우)34138
65,마라탕,천진영감,1367196580,4,제일 낮은 단계로 시켰는데 내가 마라에 알러지가 있었나? 할 정도로 얼얼하게 마비된 것 같음. 크림 소스가 없었으면 아예 못 먹었을 듯. 그만큼 크림 소스랑 합이 좋아서 후기 쓰는 지금도 기억 조작하고 다시 가고 싶음.,2020.10.04.,서울 강남구 봉은사로6길 26 1층 (우)06123
66,마라탕,천진영감,1367196580,5,제가 정말 애정하는 최고의 마라탕집입니다!! 연두부랑 생크림이 들어있고 땅콩소스가 진하게 나는 곳이에요!! 마라전골 홍스프+중국유학생으로 주문하는데 국물이 굉장히 진하고 간이 셉니다! 공기밥도 함께 주문하세요 ⁎⁍̴̆Ɛ⁍̴̆⁎,2020.10.03.,서울 강남구 봉은사로6길 26 1층 (우)06123
67,마라탕,천진영감,1367196580,4,올초부터 대여섯번은 간거같은데 맛이 0.5단계 정도 순해져서 아쉬워요 ㅠ ,2020.09.14.,서울 강남구 봉은사로6길 26 1층 (우)06123
68,마라탕,천진영감,1367196580,5,전맛,2020.08.18.,서울 강남구 봉은사로6길 26 1층 (우)06123
69,마라탕,천진영감,1367196580,5,"예약은 안됨. 웨이팅이 있지만, 맛있어요.",2020.08.13.,서울 강남구 봉은사로6길 26 1층 (우)06123
70,마라탕,표표마라탕,1918725745,5,자주 시켜 먹어요. 맛있고 가격도 저렴해요ㅠㅠ 주인 아주머니 친절하세요,2020.10.22.,서울 관악구 남부순환로210길 8 1층 (우)08785
71,마라탕,표표마라탕,1918725745,4,좋아요,2020.10.16.,서울 관악구 남부순환로210길 8 1층 (우)08785
72,마라탕,표표마라탕,1918725745,4,우동마라샹궈 맛있음,2020.10.08.,서울 관악구 남부순환로210길 8 1층 (우)08785
73,마라탕,표표마라탕,1918725745,5,너무 맛있어서 일주일에 네번 갔어요 이 가격에 이 맛이라니 최고,2020.08.05.,서울 관악구 남부순환로210길 8 1층 (우)08785
74,마라탕,표표마라탕,1918725745,5,내 인생 마라샹궈 ,2020.08.05.,서울 관악구 남부순환로210길 8 1층 (우)08785
75,마라탕,중경마라탕 강남역점,1665040674,4,"특별하진 않지만 근처 마라탕 집보다 혀에 쫙 붙는 신맛? 매운 맛?이 좀 더 강렬했던 맛. 2단계 탕을 먹었는데 하나도 안 매운 맛. 육수가 깔끔.   다른 집들과 다른 속재료가 두 세가지 정도이고, 고기를 봉지에 담아놔서 좀 보고 고를 수 있다는 게 장점?  검색에서는 샹궈맛집이라니 담엔 샹궈도전!",2020.10.21.,서울 강남구 테헤란로1길 44 2층 (우)06129
76,마라탕,중경마라탕 강남역점,1665040674,5,"마라탕 덕후의 찐 맛집 강남에 있는 마라탕집 거의 다 가봤는데 여기가 제일 맛있음. 3단계는 무조건 속 뒤집어진다. 빈속에 먹었다가 위경련일어날뻔 꿔바로우는 시큼하니 뜨끈하고 쫄깃하다. 너무 맛있음. 밑에 리뷰 몇개봤는데.. 감자, 연근은 거의 아삭하게 나온다고 보면 되고 냄비를 만들때마다 씻지 않는것 같기 때문에 가끔가다 재료가 빠지기도 추가되기도 한다. 이게 영 싫다면 주문 전 카운터에 주의를 주던가 한가한 시간에 방문하는걸 추천 분위기, 서비스 생각한다면 라공방이 조~금 나음, 맛도 비슷함 (꿔바로우는... 놉) 강남 마라탕집에서 친절한 서비스를 바라긴 힘들듯 함 ㅠㅠ",2020.10.20.,서울 강남구 테헤란로1길 44 2층 (우)06129
77,마라탕,중경마라탕 강남역점,1665040674,4,마라샹궈 5점 마라탕 3점 샹궈맛집 ㅇㅈ,2020.10.20.,서울 강남구 테헤란로1길 44 2층 (우)06129
78,마라탕,중경마라탕 강남역점,1665040674,4,여긴 마라샹궈 맛집임... 샹궈 개맛있는데 밥은 무료이나 밥의 질은 기대하면 안됨 탕은 좀 밍밍함..탕에서 날 실망시켜서 별하나 뺌 ㅠ  꿔바로우는 ㄱㅊ 소스 좀 시큼 바삭하고 먹을만했음,2020.10.17.,서울 강남구 테헤란로1길 44 2층 (우)06129
79,마라탕,중경마라탕 강남역점,1665040674,3,2단계 탕 맛있어요,2020.10.04.,서울 강남구 테헤란로1길 44 2층 (우)06129
80,마라탕,마라고메 방이점,866366913,3,맛은 있는데 위생상태가 좀.. 갈때마다 우리가 고르지 않은 다른 재료가 마라탕안에 있다... ,2020.11.08.,서울 송파구 올림픽로32길 13 (우)05543
81,마라탕,마라고메 방이점,866366913,1,지금까지 먹은 마라탕 중에 제일 별로예요 밍밍하고 기름맛만 나요.,2020.10.04.,서울 송파구 올림픽로32길 13 (우)05543
82,마라탕,마라고메 방이점,866366913,5,진짜 맛있음,2020.09.28.,서울 송파구 올림픽로32길 13 (우)05543
83,마라탕,마라고메 방이점,866366913,5,진짜맛있는데 단무지없어서 약간 까비... 꿔바로우도 맛있어욤,2020.08.18.,서울 송파구 올림픽로32길 13 (우)05543
84,마라탕,마라고메 방이점,866366913,1,저는 마라탕 집에서 햄을 꼬치로 해서 1000원씩 받는건 또 처음이네요 그리고 다른 마라탕집보다도 비싸고 뭐 담지도 않았는데 가격 확나오고 ,2020.07.19.,서울 송파구 올림픽로32길 13 (우)05543
85,마라탕,피슈마라홍탕 상암점,262273418,3,맛있는데 깔끔하고 넓어서 좋다 보통맛은 별로 안매우니까 매운거 먹고싶을 땐 쫄지말고 매운맛하자,2020.11.08.,"서울 마포구 매봉산로 80 파크엠 1층 7,8호 (우)03927"
86,마라탕,피슈마라홍탕 상암점,262273418,5,"들어서자마자 깔끔함에 반했구요 직원분들도 너무너무 친절하셔서 두번 반했어요 그리고 음식 나오고 한술 뜨자마자, 어디선가 벌레가 날아들어서 음식에 빠졌는데요,,,, 저희도 어찌해야 할 지 몰라서 일단 말씀 드렸는데, 금방 다시해주시겠다고,,,,ㅠㅠ  마라탕 너무 맛있었는데 직원분들 덕분에 더 맛있었어요  숟가락••500개 드립니다•!",2020.10.19.,"서울 마포구 매봉산로 80 파크엠 1층 7,8호 (우)03927"
87,마라탕,피슈마라홍탕 상암점,262273418,4,좋아요,2020.09.24.,"서울 마포구 매봉산로 80 파크엠 1층 7,8호 (우)03927"
88,마라탕,피슈마라홍탕 상암점,262273418,4,어머니와 좋은 추억 만들어준 곳.재료 신선하고 맛도 있는데 어쩔때 너무 짜지는게 있음...가격도 쪼금 비싸지만..포텐터지면 맛있게 먹을 수 있는 곳,2020.09.19.,"서울 마포구 매봉산로 80 파크엠 1층 7,8호 (우)03927"
89,마라탕,피슈마라홍탕 상암점,262273418,5,"맨날 생각납니다ㅠㅠㅠㅠㅠㅠㅠ 마라탕집은 피슈마라홍탕밖에 없네요 진짜ㅠㅜㅠㅠㅠㅠㅠ 또먹고싶네요,, 그리고 엄청 친절해서 더 좋네요〰️",2020.09.10.,"서울 마포구 매봉산로 80 파크엠 1층 7,8호 (우)03927"
90,마라탕,로충칭마라탕 궁동점,1654714,5, 미성년자들이 민증 도용해서 술을 먹었다고 함. 11월 9일부터 20일간 영업정지라고 한다 ㅠㅠ,2020.11.09.,대전 유성구 대학로151번길 51 2층 (우)34137
91,마라탕,로충칭마라탕 궁동점,1654714,5,좀 오래 기다렸지만 맛도 가격도 최고!!,2020.10.26.,대전 유성구 대학로151번길 51 2층 (우)34137
92,마라탕,로충칭마라탕 궁동점,1654714,5,친절함 : 100/100 맛 : 100/100 위생 : 100/100  안 올 이유가?,2020.10.15.,대전 유성구 대학로151번길 51 2층 (우)34137
93,마라탕,로충칭마라탕 궁동점,1654714,5,김초록이 인정한 마라 맛집,2020.10.10.,대전 유성구 대학로151번길 51 2층 (우)34137
94,마라탕,로충칭마라탕 궁동점,1654714,5,사장님 너무 친절하세요~ 처음왔다고하니까 소스도 하나하나 알려주고 머리잡고 먹고잇으니까 머리끈도 챙겨주시고 재료도 깨끗하고 좋앗어요 맛도 마라향딱 좋을정도로나고  담에 또갈께요,2020.10.03.,대전 유성구 대학로151번길 51 2층 (우)34137
95,양꼬치,로향양꼬치,11657087,4,좋아요,2020.10.04.,서울 관악구 관악로16길 35 (우)08788
96,양꼬치,로향양꼬치,11657087,1,진짜 너무 화가 나네요 8월 27일 저녁 9시 10분경 방문했습니다. 평점 좋아서 일부로 찾아갔는데 물컵에서 귀뚜라미 나왔어요. 물 한입 마셨는데 안에 벌레 들어있어서 다 뱉었네요. 직원들 태도가 너무 실망스럽고 화납니다. 사과 한마디도 없이 제 앞에 물컵바로 들고가고나서 아무렇지도 않게 음식 내오시더라구요. 벌레 치웠던 여자직원은 주방가서 자기들끼리 물컵벌레 돌려보더니 놀라서 소리지르고 ㅡㅡ 그게 사람입에 들어갔다고요. 제대로된 사과도 없이 음식 내오길래 기분나빠서 안먹고 그냥 나왔어요. 이 음식점 음식에서 벌레나와도 이런식으로 대응하는 집이네요. 맛 다 떠나서 음식에서 귀뚜라미 나와도 괜찮은 분들만 가시길 추천드립니다. ,2020.08.27.,서울 관악구 관악로16길 35 (우)08788
97,양꼬치,로향양꼬치,11657087,4,7년 단골,2020.08.14.,서울 관악구 관악로16길 35 (우)08788
98,양꼬치,로향양꼬치,11657087,3,*꼭 가야하는 이유: 무난한 양꼬치와 중식 안주  *굳이 안가도 되는 이유: 공간이 너무 울림... 양꼬치의 매력은 굽는 시간동안 대화할수있는 점이라 생각하는데 시끄러워서 대화가 안되고 산만함,2020.07.21.,서울 관악구 관악로16길 35 (우)08788
99,양꼬치,로향양꼬치,11657087,4,존맛입니다 ,2020.07.11.,서울 관악구 관악로16길 35 (우)08788
100,양꼬치,송화양꼬치,14822911,4,양꼬치 ㄱㅊ 가지튀김 ㄱㅊ,2020.10.28.,서울 광진구 동일로18길 70 (우)05078
101,양꼬치,송화양꼬치,14822911,4,양꼬치 처음 먹어보는거라 두려웠는데 냄새 안나고 맛있었어요.  꿔바로우랑 온면도 시켜 먹었는데 굿굿 걸어오는 길이 너무 더러워서 걱정했는데 여기 매장은 깔끔해서 안심하고 먹었네요 별 하나 뺀건 사람이 너무너무 많아서..ㅎㅎ,2020.10.03.,서울 광진구 동일로18길 70 (우)05078
102,양꼬치,송화양꼬치,14822911,5,양꼬치도 맛있고 냄새도 거의 안 나네요. 1인분 먹고 더 먹고 싶은데 진짜 배불러서 더 못 먹었네요. 물만두도 서비스로 더 주셔서요. ㅎㅎ 또 가야겠네요,2020.07.12.,서울 광진구 동일로18길 70 (우)05078
103,양꼬치,송화양꼬치,14822911,5,"양꼬치가 덜익히면 좀 질긴데 잘 익히면 맛있당 서비스로 주신 만두가 너무 ,, 어디에서도 먹어보지 못한 꿀맛 ! 건대 양꼬치는 앞으로도 여기올듯",2020.05.23.,서울 광진구 동일로18길 70 (우)05078
104,양꼬치,송화양꼬치,14822911,4,오리지널 양꼬치 시켰는데 괜찮았어요. 서비스로 주신 음식도 좋았고요! 다만 서빙하는 분이 무뚝뚝한 건 둘째치고 귀에 이어폰은 빼 주시면 어떨까 싶네요.,2020.05.04.,서울 광진구 동일로18길 70 (우)05078
105,양꼬치,매화반점 1호점,26575482,5,최고예요,2020.10.16.,서울 광진구 동일로18길 105 (우)05073
106,양꼬치,매화반점 1호점,26575482,3,"유명한 중국집이라고 해서, 서울숲 산책하고 가볍게 맥주하러 간 곳. 사람이 굉장히 많았다. 꼬치팔아서 건물을 세우고 분점까지 냈으니.. 대단한 곳임은 틀림없다. 사실 중국에서는 꼬치를 정말 정말 많이 먹었지만, 한국에서는 중국 현지보다 양도 적고, 가격도 비싸서 왠지 손해보는 느낌이라 양꼬치집을 굳이 찾아가진 않았다. 유명하다길래 한번 가봤더니 고기 질도 나쁘지 않고 맛도 괜찮음 (한국에서 몇번 먹어본 곳은 양고기가 퍽퍽하고 질기거나 덩어리가 작아서 불만족스러웠음) 음식이름 앞에 향라香辣라고 붙은 음식은 대부분 내가 좋아하는 맛이다.  최근 새우를 많이 먹어, 향라새우가 아닌 향라오징어를 한번 시켜보았다. 중국식으로 한다면 이건 맛이 없을 수 없는 맛! (향라가지, 향라치킨, 향라오징어, 향라새우 등등...  다 맛있음) 현지보다는 소프트한 맛이었지만, 나쁘지 않았다. 같이 간 동행자도 처음 먹어봤다고 하는데 잘 먹는 걸로 보아, 한국 사람 입맛에도 잘 맞는 맛인것같다. 이게 이 매화반점이 성공한 이유겠지. 다양한 메뉴로 초심자에게도 선택권이 많다 적당히 한국화되어 한국 사람 입맛에도 잘 맞다 가격도 나쁘지 않다 중국 사천식 매운맛을 좋아하신다면 향라+시리즈 추천 단점은 너무너무 시끄러워서 (그날만 그랬는지 몰라도) 술 먹는 내내 신경이 곤두섰었고, 상당히 유명한 가게이기 때문에 웨이팅해야 할 가능성이 높다. ",2020.08.23.,서울 광진구 동일로18길 105 (우)05073
107,양꼬치,매화반점 1호점,26575482,3,무난무난 종종 어떤메뉴는 저렴,2020.07.12,서울 광진구 동일로18길 105 (우)05073
108,양꼬치,매화반점 1호점,26575482,1,☆점수기준표☆ 별5개-일부러라도 간다 / 4개-맛있다! 자주 갈만하다 3개- 적당히 생각날때 한번씩간다 / 2개- 2번방문은 그닥? 1개- 이곳을 선택한 과거의 나를 패고싶다  여기 맛있다는 사람들 존경스러움 맛없는 양꼬치 탑3 ,2020.07.10.,서울 광진구 동일로18길 105 (우)05073
109,양꼬치,매화반점 1호점,26575482,1,붉은양념돼지고기는 시키지마세여..,2020.06.28.,서울 광진구 동일로18길 105 (우)05073
110,꿔바로우,미엔아이 송파점,1440802569,3,2년만에 재방문.... 2년전보다 맛도 많~~이 묽어지고 무엇보다 고기에 양념이 옛날처럼 배어있지않음... 주인분이 바뀌신건지... 1.2번째사진이 2년전사진 3번째사진이 오늘사진. ㅡㅡㅡㅡㅡㅡㅡㅡㅡㅡㅡㅡㅡㅡㅡㅡㅡㅡㅡㅡㅡㅡㅡㅡㅡ..(2018.07.28)맛 나쁘지 않았어요! 또 갈 의향있음!  조금 체격있거나 위장이 크신분은 수육추가와 면곱빼기추천!,2020.10.20.,서울 송파구 오금로16길 5 1층 101호 (우)05619
111,꿔바로우,미엔아이 송파점,1440802569,4,대만에서 먹던 우육면과는 많이 달라서 아쉬웠습니다. 다른 분들 말씀대로 본토 우육면에 비하면 육수도 맑은 편이고요. 그래도 본토와 달라서 그렇지 음식 자체는 다 맛있는 편입니다. 실내도 깔끔하고 직원분들도 친절하세요. ,2020.10.20.,서울 송파구 오금로16길 5 1층 101호 (우)05619
112,꿔바로우,미엔아이 송파점,1440802569,5,서빙하시는 분 너무 친절. 바빠도 나갈때 90도로 인사하시는거보고..대단하다고 느꼈어요. 다 먹고 약간 모자랄때쯤 공기밥주시는 센스!!!,2020.10.16.,서울 송파구 오금로16길 5 1층 101호 (우)05619
113,꿔바로우,미엔아이 송파점,1440802569,5,직원분이 정말 친절했고 특히 꿔바로우가 정말 부드럽고 맛있었어요! 우육면도 맛있고 재방문 예정!,2020.10.11.,서울 송파구 오금로16길 5 1층 101호 (우)05619
114,꿔바로우,미엔아이 송파점,1440802569,3,몹시 친절하셔서 기분이 좋았어요! 다만 맛은 진하지 않고 가벼워서 많이 아쉽더라구요...ㅜ (저는 대만에서 우육면에 입문해서 그런지.. 아무래도 대만과 비교하게 되었네요ㅠㅠ) 그리고 꿔바로우는 개취지만 너무 별로였어요ㅠㅠ 동행인들 만장일치로 일반 우육면보다 마라가 더 맛있었습니다~~!,2020.10.04.,서울 송파구 오금로16길 5 1층 101호 (우)05619
115,꿔바로우,차이나당,27076509,5,최고예요,2020.11.03.,서울 관악구 낙성대로 16 2층 (우)08790
116,꿔바로우,차이나당,27076509,1,"예전엔 맛있는 중식당이었는데, 맛없는 술집으로 전락했다. 맛이 대체로 짜다.",2020.07.02.,서울 관악구 낙성대로 16 2층 (우)08790
117,꿔바로우,차이나당,27076509,2,뭔가.... 많이 바뀌어버렸다....최애맛집이였는데 아쉬워라..왜죠 다시돌아와줘여,2020.06.14.,서울 관악구 낙성대로 16 2층 (우)08790
118,꿔바로우,차이나당,27076509,1,맛집은 아닌듯해요. 요리는 작은 사이즈도 팔아서 식사보다는 술먹기 좋을 듯합니다.,2020.06.04.,서울 관악구 낙성대로 16 2층 (우)08790
119,꿔바로우,차이나당,27076509,1,"주인장이바뀐지모르겠지만 자주먹던 사천탕수육, 꿔바로우 3천원씩오르고 나머지 음식들도 가격대가 올랐으며  음식자체도 완전히바뀜   맛없어지고 양줄고 이제 갈의향없음 ",2020.04.26.,서울 관악구 낙성대로 16 2층 (우)08790
120,꿔바로우,김사부샤브샤브,1627688058,5,"진짜 현지 중국인 사장님이 운영하시는 곳, 메뉴를 주문할 때 한국말 넘 잘하셔서 신기했어요! 마라샹궈 맛있고 또 꿔바로우는 진리입니다 ㅠㅠㅠ 또 방문할게요",2020.11.10.,서울 금천구 가산로 132 (우)08528
121,꿔바로우,김사부샤브샤브,1627688058,5,꿔바로우 최고,2020.11.02.,서울 금천구 가산로 132 (우)08528
122,꿔바로우,김사부샤브샤브,1627688058,4,향식료 좋아하시는 분들 추천이요~~,2020.10.28.,서울 금천구 가산로 132 (우)08528
123,꿔바로우,김사부샤브샤브,1627688058,2,마라맛이 강해서 얼얼한건 취향저격 멍멍 전체적으로 위생이 아주 심각함  끈적거리고 재료 세척도 제대로 되어있지않음,2020.10.12.,서울 금천구 가산로 132 (우)08528
124,꿔바로우,김사부샤브샤브,1627688058,4,꿔바오로우 맛있어요.  파양덥밥 추천!,2020.10.06.,서울 금천구 가산로 132 (우)08528
125,꿔바로우,촨커,86080199,1,맛집이라고 블로그보고 멀리갔는데 사장님도 불친절하고 웨이팅도엄청길고 양많다고했는데 양 엄청 적어서 깜짝놀랐네요(포장) 맛은 있지만 흔한 꿔바로우맛이에요.. ,2020.11.04.,서울 동대문구 이문로9길 105 (우)02451
126,꿔바로우,촨커,86080199,5,찹탕이 만두 마라면 다 jmt,2020.10.26.,서울 동대문구 이문로9길 105 (우)02451
127,꿔바로우,촨커,86080199,3,꿔바로우 맛있어요 나머지도 가성비조아유~~,2020.10.14.,서울 동대문구 이문로9길 105 (우)02451
128,꿔바로우,촨커,86080199,5,최고예요,2020.10.13.,서울 동대문구 이문로9길 105 (우)02451
129,꿔바로우,촨커,86080199,5,푸딘코 타서 외대생은 조금 슬픕니다....그러나 여전히 너무 맛있고 좋아요..♡ 꿔바로우랑 마파두부덮밥은 꼭 드세요:)....♡,2020.10.08.,서울 동대문구 이문로9길 105 (우)02451
130,꿔바로우,락희안 명지대본점,21445025,4,배달로만 먹었는데 괜찮았음,2020.11.03.,"서울 서대문구 가재울로4길 53 1, 2층 (우)03692"
131,꿔바로우,락희안 명지대본점,21445025,5,모임으로 갔는데 너무 만족합니다. 특히 누룽지탕 치익~~소리는 너무 경쾌합니다! 짱짱!,2020.10.04.,"서울 서대문구 가재울로4길 53 1, 2층 (우)03692"
132,꿔바로우,락희안 명지대본점,21445025,4,굿,2020.08.12.,"서울 서대문구 가재울로4길 53 1, 2층 (우)03692"
133,꿔바로우,락희안 명지대본점,21445025,5,서울에서 가장 맛있는 중국집 중 한 곳,2020.07.31.,"서울 서대문구 가재울로4길 53 1, 2층 (우)03692"
134,꿔바로우,락희안 명지대본점,21445025,4,튀김요리 굳,2020.07.26.,"서울 서대문구 가재울로4길 53 1, 2층 (우)03692"
135,꿔바로우,루루,13333156,3,Chinese,2020.07.05.,경기 성남시 분당구 효자길 29 (우)13578
136,꿔바로우,루루,13333156,5,완전 맛나요. 호텔 품격의 중국요리! 덤으로 친절한 쥔장님! 완전 강추임다! ㅎㅎㅎ,2020.04.19.,경기 성남시 분당구 효자길 29 (우)13578
137,꿔바로우,루루,13333156,4,음식에서 느껴지는 약간의 허전함. 하지만 때때로 기부도 하는 착한 식당 ^^,2020.03.08.,경기 성남시 분당구 효자길 29 (우)13578
138,꿔바로우,루루,13333156,3,맛있는데 요리하시는 분 따라서 어느날은 존맛 어느날은 쏘쏘 ,2019.12.30.,경기 성남시 분당구 효자길 29 (우)13578
139,꿔바로우,루루,13333156,5,다마시써요...,2019.11.28.,경기 성남시 분당구 효자길 29 (우)13578
140,꿔바로우,진라이,45406905,5,팔보채: 가격대비 양은 적지만 매우 싱싱한 재료와 적당히 조화로운 소스가 일품. 어향동고: 이 집의 대표메뉴. 표고버섯 안에 다진 새우살을 넣고 찹쌀피를 감싸 튀긴 요리. 이 요리는 강력추천! 처음 먹어보는 맛인데 너무 맛있어서 밥을 비벼 먹고 싶을 정도. 등심탕수육: 육즙이 싸악 흘러나옴. 소스가 하얘서 신기함. 튀김옷은 바삭보단 고기를 얇게 감싸고 있는 정도. 중국식 돈까스 같은 느낌? 맛있으나 위의 두 메뉴보단 쏘쏘,2020.11.05.,경기 용인시 수지구 광교마을로 35 삼중프라자 2층 (우)16944
141,꿔바로우,진라이,45406905,4,"짬뽕 불맛 좋아요. 탕수육 맛있는데, 좀 비싸네요. 살코기만 써서 담백한 것이 장점이 될 수도 있고, 단점이 될 수도 있고.",2020.11.04.,경기 용인시 수지구 광교마을로 35 삼중프라자 2층 (우)16944
142,꿔바로우,진라이,45406905,3,보통이에요,2020.09.13.,경기 용인시 수지구 광교마을로 35 삼중프라자 2층 (우)16944
143,꿔바로우,진라이,45406905,5,맛나고 깨끗하고 친절하고 접근성 좋고,2020.09.06.,경기 용인시 수지구 광교마을로 35 삼중프라자 2층 (우)16944
144,꿔바로우,진라이,45406905,5,내 입에는 목란 상해루보다 더 맛있는 최고의 중국집,2020.07.04.,경기 용인시 수지구 광교마을로 35 삼중프라자 2층 (우)16944
145,짜장면,가담,10954377,3,맛있는 동네 중국집. 멀리서 찾아가서 먹을거 까지는 아님... 단 편차가 좀 있음... 가끔식 음식 상태가 별로일때가 있음. ,2020.11.07.,서울 강남구 언주로167길 35 (우)06022
146,짜장면,가담,10954377,1,음식이 전반적으로 많이 짬.... 짜장은 춘장 맛이 너무 많이 나면서 꺼끌꺼끌함.... 짬뽕은 심하게 짜도짜도 너무 짜다.. 시그니처 메뉴인듯한 누룽지 탕수육은 그리 바삭하지도 않고 달면서 짜면서 느끼함......마지막으로 준 후식인듯한 달달한 찹살도너츠는 기름에 쪄들어있음... 입맛 버리니까 먹지 않길 권고dream...... 참고로 사장님 중국인이심,2020.10.17.,서울 강남구 언주로167길 35 (우)06022
147,짜장면,가담,10954377,4,고츄탕슉 무그러 왔는뎀 그냥 탕슉에 누룽지들어간거네여 기대를 넘 많이 했낭 까먹고 고추랑 안머거서 그런가? 근데 맛있어욤 짜장두~ 짬뽕두~ 탕슉두~ㅋ 근데 고츄 탕슉 머그러 멀리서 올 것까진 ㅎ~~ ,2020.09.01.,서울 강남구 언주로167길 35 (우)06022
148,짜장면,가담,10954377,3,고추탕수육 : 매콤. 누룽지를 넣은 아이디어가 좋고 궁합이 나쁘지 낞음. 탕수육은 고기가 얇고 탕수육 고기자체가 맛있진 않음. 매콤달콤한 소스에 누룽지와 같이먹는 특이함에 한번쯤은 먹어 볼만함. 짜장면 : 평범. 강렬한 맛은 아님. 삼선짬뽕 : 불맛. 해산물이 풍부하진 않음. 가게 특이사항 : 고추탕수육인지 짬뽕인지 모르겠는데 계속 매운 음식을 조리하다보니 매운향이 홀까지 나와서 먹으면서 콜록콜록함. 차를 많이마시면 알아서 바꿔 주시는 등 서비스는 만족. 본인에겐 알맞았으나 조금 많이먹은 스타일들에겐 조금 모자랄 수도 있을 것 같기도.. 엄청난 맛으로 계속 가고 싶은 곳은 아니지만 누군가 먹으러 간다고 하면 추천해 줄 수 있음.,2020.07.09.,서울 강남구 언주로167길 35 (우)06022
149,짜장면,가담,10954377,3,고추탕수육은 생각보다 평범하고 짜장면이 맛있음,2020.04.22.,서울 강남구 언주로167길 35 (우)06022
150,짜장면,대가방 본점,7815078,5,탕수육맛은 항상 최고임. ,2020.11.05.,서울 강남구 선릉로145길 13 럭스웨이빌딩 1층 (우)06056
151,짜장면,대가방 본점,7815078,5,탕수육,2020.11.03.,서울 강남구 선릉로145길 13 럭스웨이빌딩 1층 (우)06056
152,짜장면,대가방 본점,7815078,3,탕수육. 나는 아님.,2020.10.17.,서울 강남구 선릉로145길 13 럭스웨이빌딩 1층 (우)06056
153,짜장면,대가방 본점,7815078,1,짜장은 간도 약하고 면이 잘 안풀려서 잘라먹어야해요. 탕수육은 바삭한데 좀 많이 달아요. 게살볶음밥은 최악입니다. 짜장소스없이는 못먹어요. 밥에 간도 하나도 안되어있고 식어서 미지근했어요. 그와중에 짜장소스도 덜어둔지 좀 되어서 떠보니 전분에다가 기름이 식어서 뭉텅뭉텅 들리더라구요. 식욕은 좀 떨어졌습니다. 그냥 집에서 시켜먹는 것보다 못해서 많이 실망했어요.,2020.09.18.,서울 강남구 선릉로145길 13 럭스웨이빌딩 1층 (우)06056
154,짜장면,대가방 본점,7815078,5,#탕수육#짜장#맛있다,2020.09.08.,서울 강남구 선릉로145길 13 럭스웨이빌딩 1층 (우)06056
155,짜장면,개화식당,11039136,1,내 인생 최악의 집 평범한 짜장면맛이 그립다 ,2020.10.10.,경기 평택시 통복시장로6번길 2 (우)17894
156,짜장면,개화식당,11039136,3,"딱 별3개 주고싶은집.  짜장 소스,짬뽕국물 별로였슴.    기대가 컸나 ",2020.05.25.,경기 평택시 통복시장로6번길 2 (우)17894
157,짜장면,개화식당,11039136,2,깐풍기는 찜닭과 유사한 느낌의 짜다. 볶음밥은 슴슴한 잡곡 느낌...,2020.03.08.,경기 평택시 통복시장로6번길 2 (우)17894
158,짜장면,개화식당,11039136,1,별로예요,2020.02.06.,경기 평택시 통복시장로6번길 2 (우)17894
159,짜장면,개화식당,11039136,1,그냥 동네 중국집 수준 최고라는 인간들은 맛없는곳만 다닌넘들인듯 ㅉㅉ,2019.10.03.,경기 평택시 통복시장로6번길 2 (우)17894
160,짜장면,맛이차이나,19032013,4,달지 않고 짜지 않은 자장면. 난 단 자장면이 좋아서 약간 취향 미스이긴 했지만 면의 식감이 참 좋다. 다른 메뉴 먹으러 다시 오고싶다.,2020.10.24.,서울 마포구 독막로 68 2층 (우)04074
161,짜장면,맛이차이나,19032013,4,걱정했던것보다 맛있었어요,2020.10.22.,서울 마포구 독막로 68 2층 (우)04074
162,짜장면,맛이차이나,19032013,5,와 진짜 맛있음. 평점이 3점대라 걱정했는데 블루리본 5개라 평타는 치겠지 했는데 맛있네요. 특히 탕수육이랑 짜장면 쵝오 안달고 안짜고!! 담엔 해산물누룽지탕 먹어볼려고요. 요리주문라셨다면 면의 양이 넘 많으니 하나시켜 나눠드셔야.,2020.10.11.,서울 마포구 독막로 68 2층 (우)04074
163,짜장면,맛이차이나,19032013,1,진짜 위생이 .. 먹는데 음식에서 털이 나왔어요 (머리카락 아님) 맛은 있었어요 ,2020.08.19.,서울 마포구 독막로 68 2층 (우)04074
164,짜장면,맛이차이나,19032013,5,최고예요,2020.08.11.,서울 마포구 독막로 68 2층 (우)04074
165,짜장면,영화장,9316895,5,최고예요,2020.11.07.,서울 동대문구 휘경로 3-8 (우)02419
166,짜장면,영화장,9316895,5,간짜장과 짬뽕이 맛있어요!,2020.11.02.,서울 동대문구 휘경로 3-8 (우)02419
167,짜장면,영화장,9316895,1,"요리 30년째, 짜장 태워서 쓴맛과 짠맛 구분 못하지 않는다. 쓴맛 난다고 하니 주인 양반 짜서 나는데 네가 소스 많이 먹어넣고 뭐라한다고 눈을 부라림. 10년 단골이었는데 이제 안간다. 장사잘해라.",2020.10.22.,서울 동대문구 휘경로 3-8 (우)02419
168,짜장면,영화장,9316895,1,"블루리본이 많이붙어있길래 경발원이나 화국반점 수준의 탕수육을 먹어볼수있나해서 가봤는데 , 택도없더구만요 두세점먹다 포장해서 강아지줬슈",2020.10.04.,서울 동대문구 휘경로 3-8 (우)02419
169,짜장면,영화장,9316895,5,삼선간짜장 탕수육 맛있게 먹고갑니다 짜장이 보통 다른 중국집들보다 기름이 많아 살짝 느끼합니다,2020.10.02.,서울 동대문구 휘경로 3-8 (우)02419
170,짜장면,이품,9348308,5,이품 맛있어요~~ ,2020.11.08.,서울 서대문구 연희로11길 20 (우)03703
171,짜장면,이품,9348308,4,자장면 탕수육 다 맛잇다...,2020.10.26.,서울 서대문구 연희로11길 20 (우)03703
172,짜장면,이품,9348308,5,최고예요,2020.09.19.,서울 서대문구 연희로11길 20 (우)03703
173,짜장면,이품,9348308,4,여기 인기 많은 볶음밥은 주중 낮에 갔을땐 불맛 좋고 밥의 그을림까지 적당한 볶음 실력 좋고 적당히 질척한 맛난 볶음밥이였고 언제 토요일 저녁에 갔을땐 너무 기름지고 계란 비린내가 조금 올라왔었음.  짜장면은 제일 저렴한 일반 짜장도 맛있고 간짜장도 맛이 좋은편.  양장피는 물기가 약간 좀 많은편이였지만  평균 이상이고 대체적으로 이품은 재료들을 신선한것을 쓴다는것은 확실했음.,2020.08.22.,서울 서대문구 연희로11길 20 (우)03703
174,짜장면,이품,9348308,5,배달된 깐풍기 짬뽕 맛있게 먹음,2020.08.14.,서울 서대문구 연희로11길 20 (우)03703
175,짜장면,홍명,10972091,1,맛있으면 뭐하나 배가 불러서 서비스 개판에 손님 봉으로 보는데 매우매우 불친절함. ,2020.11.08.,서울 강남구 논현로131길 10 (우)06046
176,짜장면,홍명,10972091,5,맛집,2020.11.03.,서울 강남구 논현로131길 10 (우)06046
177,짜장면,홍명,10972091,4,근처에 갔다가 일부러 찾아갔어요. 잡채밥하고 병맥주 먹었구요. 무난한 느낌입니다. 간은 세지않은 편이고 양이 많진 않아요. 밥의 볶은 정도가 나쁘지는 않지만 훌륭하다고 하긴 어렵네요. ,2020.10.27.,서울 강남구 논현로131길 10 (우)06046
178,짜장면,홍명,10972091,2,조금 아쉬워요,2020.10.20.,서울 강남구 논현로131길 10 (우)06046
179,짜장면,홍명,10972091,5,오랜 시간 한 동네에서 내공을 쌓은 것 같은 식당. 작지만 깔끔하고 친절하며 무엇보다 음식들이 개성 있고 맛있다. 저녁에는 예약을 하는 것이 좋다.,2020.10.14.,서울 강남구 논현로131길 10 (우)06046
180,짜장면,백객도,20531040,5,현지의 지인 추천으로 같이 다녀왔습니다. 짜장면 정말 맛있네요. 탕수육도 겉바속초 와 최고네요. 시간 잘못맞추면 상당한 대기를 각오하셔야 하니 감안하고 방문하세요.,2020.11.05.,부산 동래구 금정마을로 70 (우)47718
181,짜장면,백객도,20531040,5,간짜장 맛집. 개인적으로 백객도와 옥생관이 최고라고 평가합니다.,2020.10.13.,부산 동래구 금정마을로 70 (우)47718
182,짜장면,백객도,20531040,5,주차빼곤 거의완벽 짜장면 탕수육 맛있음!! 2주마다 먹으러 가는듯 !,2020.09.05.,부산 동래구 금정마을로 70 (우)47718
183,짜장면,백객도,20531040,1,소문만 듣고 찾아오는 손님들이 붐비다보니 점차 과거의 맛을 잃어가네요. 아쉽지만 나의 맛집 리스트에서 아웃!,2020.08.16.,부산 동래구 금정마을로 70 (우)47718
184,짜장면,백객도,20531040,4,냉방이 안되서 여름 방문은 자제,2020.08.03.,부산 동래구 금정마을로 70 (우)47718
185,짜장면,소리원,20606563,1,1. 볶음밥 후추 바다였음 .. 원래 볶음밥 후추 이렇게 많이 들어가냐고 물어봤는데 .. 표정이 너무 무서워서 당황했어요 ... 제가 기분나쁘게 물어본것도 아닌데 진짜 서비스 최악  2. 볶음밥 먹다가 딱딱한 뼈 같은게 있었어요 .. 그냥 넘겼는데 한번 더 나와서 남자친구 이가 나갈뻔 .. 그래서 말씀 드렸는데 고기뼈라고 업체에 말하겠다고 하네요 ,2020.08.22.,제주특별자치도 제주시 연동12길 37 (우)63136
186,짜장면,소리원,20606563,3,"진심 짜장면만 맛집 다른 메뉴는 전부 다 그냥 평범 근데 인기는 많아서 항상 줄 서서 먹어야함ㅜㅜ 그래도 회전율은 빠른 편! 짜장면 말고 다른 메뉴 드실거면,,  여기서,,? 굳이,,? 아 새우 볶음밥은 맛있어 보였어오",2020.08.15.,제주특별자치도 제주시 연동12길 37 (우)63136
187,짜장면,소리원,20606563,3,자장면만 맛집. 직원 마스크미착용.,2020.08.10.,제주특별자치도 제주시 연동12길 37 (우)63136
188,짜장면,소리원,20606563,5,간짜장맛집,2020.07.27.,제주특별자치도 제주시 연동12길 37 (우)63136
189,짜장면,소리원,20606563,5,간짜장이랑 탕수육이 정말 맛있어요. 맛있는 중국집인건 분명하지만 육지에서도 찾을 수 있는 맛이라 관광객보단 현지인 맛집이라 생각합니다. 재방문의사는 없습니다.,2020.07.20.,제주특별자치도 제주시 연동12길 37 (우)63136
190,짜장면,쌍용각,10613067,1,쌍욕각임 ,2020.07.26.,강원 삼척시 오십천로 455 (우)25929
191,짜장면,쌍용각,10613067,1,간짜장 맛은 괜찮으나 너무 짜요 짬뽕은 평균 이하,2020.05.12.,강원 삼척시 오십천로 455 (우)25929
192,짜장면,쌍용각,10613067,1,처음 리뷰쓰는데 맛은 평타이상이나 종업원 싸가지 개없음 마인드를 탕수육이랑 같이 튀기는듯,2020.05.07.,강원 삼척시 오십천로 455 (우)25929
193,짜장면,쌍용각,10613067,1,진짜별로 친절꽝이고 사람 불편하게해요 탕수육은 돌씹는듯 맛도 없고 . 짜증났었어요,2020.05.01.,강원 삼척시 오십천로 455 (우)25929
194,짜장면,쌍용각,10613067,2,밥먹는데 눈치보임. 친절과는 거리가 멀고 맛은 평범,2019.12.31.,강원 삼척시 오십천로 455 (우)25929
195,짜장면,미소손짜장,10418066,5,너무 맛있게 먹었당~!! 특히 면빨이~~쵝오!!,2020.07.04.,강원 원주시 도말리길 47 (우)26444
196,짜장면,미소손짜장,10418066,1,여테 먹어본 짜장 짬뽕중 재일 맛읍다. ,2020.06.25.,강원 원주시 도말리길 47 (우)26444
197,짜장면,미소손짜장,10418066,2,탕수육만먹을만하던데ㅜ,2020.02.27.,강원 원주시 도말리길 47 (우)26444
198,짜장면,미소손짜장,10418066,5,항상 주문은 탕수육 소스따로 짬뽕 곱베기로 시킨 지 8년째 ㅋㅋㅋ그 중 한번은 짬뽕 국물 과하게 남꺼까지 다 마셨는데 장출혈ㅋㅅㅋㄱㅋㅋㅋ여튼 존맛탱구리지만 위장 약하신 분들은 항상 죠심하세요~~,2020.01.15.,강원 원주시 도말리길 47 (우)26444
199,짜장면,미소손짜장,10418066,1,김문은 먹어봤는데 진짜 보통.  이집도 맛있는녀석들에 방송 됐으니 곧 망하겠군,2019.05.19.,강원 원주시 도말리길 47 (우)26444
200,짜장면,송쉐프,1262079557,4,난자완스랑 짬뽕 먹음. 둘다 맛있음. 근데 난자완스가 좀 비싸긴 함..,2020.11.07.,서울 강남구 도산대로1길 40 (우)06027
201,짜장면,송쉐프,1262079557,1,서비스 개판!! 직원이고 카운터고 다 서비스 개판!!  주방장은 안에만 있고 솔직히 음식맛은 좋으나   이영자 홍보 등에업고 유명해 졌다고 일하는 아줌마나 매니저나 지들이 대단한 줄 아는가 봄  손님을 왕으로 모시라는게 아니고 기본적으로  대해야 하는데 그냥 막무가내 다녀보신 분들은 알겁니다.,2020.09.22.,서울 강남구 도산대로1길 40 (우)06027
202,짜장면,송쉐프,1262079557,1,최악의 서비스 일하기싫어하는직원들,2020.08.25.,서울 강남구 도산대로1길 40 (우)06027
203,짜장면,송쉐프,1262079557,4,게살볶음에 난자완스에 옛날 볶음밥.. 또 먹고 싶네요,2020.08.24.,서울 강남구 도산대로1길 40 (우)06027
204,짜장면,송쉐프,1262079557,5,쩌러,2020.08.02.,서울 강남구 도산대로1길 40 (우)06027
205,딤섬,쥬에,1237949316,1,맛도 그닥이고 종업원들이 싸가지가 없음 특히 발렛 하는 애는 인간 말종임 기분 상해서 다시는 가고 싶지 않음,2020.11.06.,서울 용산구 독서당로 124-7 (우)04420
206,딤섬,쥬에,1237949316,4,난 맛있는뎀... 베이징덕을 꼭 드세영 새우창펀??!도 맛나다,2020.10.12.,서울 용산구 독서당로 124-7 (우)04420
207,딤섬,쥬에,1237949316,2,딤섬은 맛있고 내부 분위기도 좋었어요. 베이징덕을 그냥 쌈으로 내서 아쉬웠어요. 가격이 높아지면 기대감도 높아지는게 당연합니다. 1인당 10만원 넘는데 남녀공용 화장실은 너무 충격이네요. 차라리 층을 달리 하던가.  발렛비도 받으면서 차는 왜 직접 빼라고 하는건지. 아쉬운 부분이 많아요,2020.10.04.,서울 용산구 독서당로 124-7 (우)04420
208,딤섬,쥬에,1237949316,1,"the beijing duck seriously has nothing to do with real beijing duck. the worst I've ever had in my life. the duck is cold???????why??????? the Cantonese dishes are fine. (not good, just not as bad) but the duck is just too bad. + the way they brew the tea is wrong :))) that's how you deal with herb tea. not chinese tea :)))",2020.09.21.,서울 용산구 독서당로 124-7 (우)04420
209,딤섬,쥬에,1237949316,1,"코스 시켰는데 뷔페보다 못한 북경오리 (황당한 고기분리) 프랜차이즈보다 못한 탄탄면 (탄탄면 면이 아닌 짬뽕면, 탄탄면 소스 아닌 마라탕 소스 느낌) 디저트 아이스크림은 너무 딱딱해서 그릇에서 튀어나옴 CJ에서 운영하는게 이정도밖에 안되나요? 서비스도 여러 직원이 같은 질문 여러번하고 파인다이닝에서 듣도 보도 못한 남녀공용 화장실이 압권 진심 미슐랭이나 파인 다이닝 수준은 절대 아님. 별도 없지만. ",2020.09.20.,서울 용산구 독서당로 124-7 (우)04420
210,딤섬,팔레드신,1024056719,4,북경오리 새우튀김,2020.09.11.,서울 중구 퇴계로 67 레스케이프호텔 6층 (우)04529
211,딤섬,팔레드신,1024056719,1,딤섬은 맛있었으나 다른 메인요리들이 가격은 비싼데 맛은 그냥 그랬어요 특히 서비스가 너무 안좋네요 직원들 계속 왔다갔다하는데 아무도 테이블체크를 안해서 주문할려고 계속 손들고 기다림 매번 뭐 시킬 때 마다 오랫동안 기다려야했어요 아무도 우릴 봐주지 않아서.... 그리고 볶음밥에서 머리카락 나왔다고 불렀는데 “아.....” 후에 아무 말이 없으시네요 .. 다시는 안갈 것 같습니다!,2020.08.25.,서울 중구 퇴계로 67 레스케이프호텔 6층 (우)04529
212,딤섬,팔레드신,1024056719,5,"Best upscale Chinese food in Seoul. Menu is fairly large, yet pretty much everything is fantastic with strong distinct flavors. Decoration is great; an over-the-top red theme. Authenticity is quite good (for example proper xiaolongbows, which nobody else in Korea gets right), although this place is Hong Kong-ized not real China (for example the laziji lacks peppercorn numb-tongue punch). A bit pricey. Great for meetings and celebrations. ",2020.08.15.,서울 중구 퇴계로 67 레스케이프호텔 6층 (우)04529
213,딤섬,팔레드신,1024056719,2,"여기 서비스, 요리 모두 몇 달 전에 방문했을때와 다르게  퀄리티가 낮아졌던데 의문이네요.. 호텔 요리라고는 믿기 힘들어서 놀랐어요. 직원들의 태도 역시 노답이고.. 전체적으로 실망했습니다.",2020.05.30.,서울 중구 퇴계로 67 레스케이프호텔 6층 (우)04529
214,딤섬,팔레드신,1024056719,1,"정말 솔직히 평가 드립니다 신세계 프랜차이즈를 좋아하고 늘 새로움을 추구하는 저이기에 솔직히 말씀 드립니다 밑에 좋은 점수로 평가 내리신 분들은 안타깝게도 인플루언서들의 알바가 아닌가 싶습니다. 시켜본 메뉴 딤섬 총 12 pcs : 딘타이펑 보다 가격과 양대비 약 4배의 가격 크리스탈 제이드 대비 약 3배의 가격. 가격이 비쌌지만 그만큼의 차별은 있을줄 알고 한눈에 직접 빚지 않은 만두임을 먹기도 전에 눈치 챘으며 입에 들어간 순간 적절치 않은 온도로 인한 미지근한 맛 놀라웠다 이가격에 이런음식을 판다는게. 소고기 볶음면 : 태국 음식점을 가면 12,000에 더 맛있게 즐길수 있는 음식을 두배 가까운 돈을 주고 입맛을 버려야 했다 버섯 성게 볶음밥 : 눅눅한 밥 재료를 정말 아낌없이 아끼며 이게 과연 3.5만원의 음식인지 집에서 통조림 재료를 얹어 먹은 음식인지 의아 했다. 정말 전 중식을 사랑하고 신세계가 하면 뭔가 다를 줄 알았ㄱ에 실망감도 크고 보다 발전 하길 바랍니디",2020.04.08.,서울 중구 퇴계로 67 레스케이프호텔 6층 (우)04529
215,딤섬,야상해,64685570,5,존맛,2020.11.06.,서울 용산구 이태원로23길 6 1층 (우)04350
216,딤섬,야상해,64685570,5,이태원 주민(과거)으로서 이태원 최고의 맛집,2020.11.04.,서울 용산구 이태원로23길 6 1층 (우)04350
217,딤섬,야상해,64685570,5,가성비 굿 어향가지 최고 내부는 너무 좁고 웨이팅이 긺,2020.10.29.,서울 용산구 이태원로23길 6 1층 (우)04350
218,딤섬,야상해,64685570,5,솔직히 나만 알고싶음 지금도 웨이팅 충분히 엄청남ㅎ...주말엔 5시 전에 가도 웨이팅 해야함. 어향가지가 완전 믜칭럼임. 어향가지+쌀밥+소룡포에 칭다오 한병 시키면 대존맛,2020.10.29.,서울 용산구 이태원로23길 6 1층 (우)04350
219,딤섬,야상해,64685570,5,맛있고 가격도 저렴하고 좋아요 또 가고싶네용,2020.10.25.,서울 용산구 이태원로23길 6 1층 (우)04350
220,탕수육,오향가 가락본점,16447083,3,"평범한맛인데, 너무 유명해서 ㅋㅋㅋ좀 놀램... 여기까지와서 먹었는데 실패할 맛은 아니고 줄 기다려서서 먹을정도는 아님 ㅋㅋ솔직리뷰였슴다",2020.10.31.,서울 송파구 송이로 106 (우)05713
221,탕수육,오향가 가락본점,16447083,5,마파두부는 세입까진 대박 맛있다!  열입까진 그냥 맛있다! 하지만 그이상은 질림 족발이 먹어본것 세손가락에 듬 특유의 향 너무 좋음 ,2020.10.16.,서울 송파구 송이로 106 (우)05713
222,탕수육,오향가 가락본점,16447083,5,사람들이 줄서서 먹는 이유가 있다 포장해서 먹는 것 가능 짬뽕 족발 탕수육 마파두부 다 맛있음,2020.10.08.,서울 송파구 송이로 106 (우)05713
223,탕수육,오향가 가락본점,16447083,5,최고예요,2020.10.05.,서울 송파구 송이로 106 (우)05713
224,탕수육,오향가 가락본점,16447083,2,그냥 그랬어요. 1시간 넘게 기다려서 짬뽕이랑 족발 먹었는데 기대 이하였어요.,2020.09.27.,서울 송파구 송이로 106 (우)05713
225,차돌짬뽕,공푸,24353265,4,짬뽕과 탕수육!  짜장면은 그냥 그냥. 차돌 양이 줄었던 때가 있었는데 이런저런 피드백이 있었는지 요즘은 가득해졌어요,2020.11.10.,서울 성북구 삼선교로24길 29 (우)02862
226,차돌짬뽕,공푸,24353265,5,진짜 맛있어요,2020.11.08.,서울 성북구 삼선교로24길 29 (우)02862
227,차돌짬뽕,공푸,24353265,4,여기 전설은 아니고 레전드급 13년도였나 14년도였나 고등학교때 첨 생길때부터 다녔는데 차돌짬뽕이다 여긴  이xx샘이랑 같이 먹으러왔던 친구들 그립다 ㅋㅋ 다들 잘 지내려나,2020.10.26.,서울 성북구 삼선교로24길 29 (우)02862
228,차돌짬뽕,공푸,24353265,3,맛있긴 한데 와! 이정돈 아니다 ㅋㅋ 유린기는 괜찮았음 30 분 이상 기다리기엔 조금 아쉬운 맛집 ,2020.10.21.,서울 성북구 삼선교로24길 29 (우)02862
229,차돌짬뽕,공푸,24353265,5,최고예요,2020.10.14.,서울 성북구 삼선교로24길 29 (우)02862
230,바오,바오바,593947624,1,별로예요,2020.11.07.,서울 용산구 녹사평대로40나길 1 2층 (우)04345
231,바오,바오바,593947624,4,파스타는 별로. 바오 위주로 조지세용~.~,2020.11.07.,서울 용산구 녹사평대로40나길 1 2층 (우)04345
232,바오,바오바,593947624,5,너무 맛있어요 ㅠㅠㅠㅠㅠ바오 핵 존마탱,2020.10.20.,서울 용산구 녹사평대로40나길 1 2층 (우)04345
233,바오,바오바,593947624,4,맛있어요! 가격이 조금 아쉬워요,2020.10.10.,서울 용산구 녹사평대로40나길 1 2층 (우)04345
234,바오,바오바,593947624,5,진짜 트러플 바오바 전국적으로 소문내고 싶은 맛 너무 맛나요 ㅠㅜ 내일 또 먹으러갈께유,2020.09.18.,서울 용산구 녹사평대로40나길 1 2층 (우)04345
235,짬뽕,정민,27362142,5,남친이랑 지금까지 6번 방문함ㅋㅋㅋㅋ한남동 데이트가면 무조건 정민 = 국룰 식사로 해물짬뽕은 무조건 시켜야하고  제기준 유린기/깐풍기>누룽지해물탕 아몰랑 다마싯서 ,2020.10.05.,서울 용산구 이태원로54길 58-18 (우)04400
236,짬뽕,정민,27362142,5,"목적지 없이 이태원을 걷다 우연히 눈에 들어와서 방문했습니다.  캐주얼 중식이라고 해서 어떤 맛인지 궁금했는데, 고수 팍팍 들어가고 향신료 향이 조금 강합니다.  오향 갈비 튀김, 초계 비빔면, 소고기 가지 덮밥을 주문했는데 어느 하나 빠짐 없이 너무 맛있게 잘 먹었습니다. 모든 메뉴를 한 번씩 맛보고 싶을 정도로 만족스러운 식당이었네요.",2020.09.14.,서울 용산구 이태원로54길 58-18 (우)04400
237,짬뽕,정민,27362142,5,너무 맛있어요 유린기 꼭드세요,2020.09.06.,서울 용산구 이태원로54길 58-18 (우)04400
238,짬뽕,정민,27362142,3,라스트오더 2시 30분이네요,2020.08.17.,서울 용산구 이태원로54길 58-18 (우)04400
239,짬뽕,정민,27362142,3,아니 밑에 메론메론 지가 잘못하고 왜 발끈하지?? ,2020.08.12.,서울 용산구 이태원로54길 58-18 (우)04400
240,동파육,중화복춘,965893653,5,부모님이 너무 좋아하셔용,2020.11.09.,서울 마포구 동교로 220-7 1층 (우)03994
241,동파육,중화복춘,965893653,5,매장 분위기 고급스럽고 좋네요~ 요리랑 다른 메뉴들도맛있어요!,2020.11.08.,서울 마포구 동교로 220-7 1층 (우)03994
242,동파육,중화복춘,965893653,5,최고예요,2020.11.05.,서울 마포구 동교로 220-7 1층 (우)03994
243,동파육,중화복춘,965893653,5,중국요리 오랜만에 맛있게 먹고 가는것 같아요,2020.11.05.,서울 마포구 동교로 220-7 1층 (우)03994
244,동파육,중화복춘,965893653,5,고급스러운 중국요리 먹고 싶을때 찾는곳인데 항상 맛있어요 ㅎㅎ,2020.11.03.,서울 마포구 동교로 220-7 1층 (우)03994
245,만두,빠오즈푸,15101449,4,매운훈둔면은 생각보다ㄴㄴ. 탄탄면 추천. 지짐만두도 맛있음! 부추는 너무 건강한 맛이라 개인적으로 비추. ,2020.10.25.,서울 광진구 광나루로 373 1층 (우)05005
246,만두,빠오즈푸,15101449,5,매운훈둔면이랑 쓰촨딴딴면 강추 빠오즈는 추천 지짐만두는 평범 아 면의 양이 그날그날 다른 느낌 손님이 너무 마니와서 부족할까봐? 그건 아쉽다 공기밥도 없을때가 많음,2020.10.21.,서울 광진구 광나루로 373 1층 (우)05005
247,만두,빠오즈푸,15101449,4,만두 맛있어요  비빔면은 비추에요 ,2020.10.13.,서울 광진구 광나루로 373 1층 (우)05005
248,만두,빠오즈푸,15101449,5,존맛탱구리,2020.09.17.,서울 광진구 광나루로 373 1층 (우)05005
249,만두,빠오즈푸,15101449,2,그닥이다 샤오롱바오는그래도 맛있는데 면요리는 되게 별로여서 다시가고싶지않은맛 수요미식회 되게 신뢰하는데 실망..,2020.08.15.,서울 광진구 광나루로 373 1층 (우)05005
250,딤섬,몽중헌 방이점,19452961,3,굿,2020.11.10.,"서울 송파구 위례성대로 10 S타워 20, 21층 (우)05544"
251,딤섬,몽중헌 방이점,19452961,1,예약확인 하시는분이 아주아주 친절하시네요 ^^^^^^^^,2020.11.07.,"서울 송파구 위례성대로 10 S타워 20, 21층 (우)05544"
252,딤섬,몽중헌 방이점,19452961,3,쏘쏘,2020.10.24.,"서울 송파구 위례성대로 10 S타워 20, 21층 (우)05544"
253,딤섬,몽중헌 방이점,19452961,3,보통이에요,2020.09.17.,"서울 송파구 위례성대로 10 S타워 20, 21층 (우)05544"
254,딤섬,몽중헌 방이점,19452961,5,발렛이 되니 편리하고 딤섬이 아주 맛있어요 짜장면은 쏘쏘합니다,2020.09.16.,"서울 송파구 위례성대로 10 S타워 20, 21층 (우)05544"
255,양고기,양식당더램키친,19716587,5,양갈비가 냄새도 나지 않고 정말 맛있네요. 밑반찬과 식사로 주문한 비빔밥과 국수도 맛있게 먹었어요.  좋은 분위기에서 행복한 시간이었습니다 ,2020.02.06.,서울 강남구 압구정로8길 5 2층 (우)06028
256,양고기,양식당더램키친,19716587,4,양갈비는 냄새 안나고 맛있습니다   다만 밑반찬이 너무 달고 다소 성의 없는 느낌입니다   파무침+양등심 조합을 따로 주문해야하는데 양등심을 푸짐하게 주긴하나 냄새가 납니다 파무침은 기본 찬으로 하는게 더 좋을 것 같습니다  ,2019.10.28.,서울 강남구 압구정로8길 5 2층 (우)06028
257,양고기,양식당더램키친,19716587,4,좋아요,2019.07.01.,서울 강남구 압구정로8길 5 2층 (우)06028
258,양고기,양식당더램키친,19716587,4,좋아요,2019.01.20.,서울 강남구 압구정로8길 5 2층 (우)06028
259,양고기,양식당더램키친,19716587,4,고기의 퀄리티는 최고입니다. ,2018.10.27.,서울 강남구 압구정로8길 5 2층 (우)06028
260,짬뽕,포가,1819203967,5,"깐풍만두, 고기튀김 최고 중국요리답게 톡쏘는데 그러면서 또 깔끔하다.  또 와서 다른거 먹어야지",2020.11.05.,서울 마포구 성미산로 190-4 2층 (우)03982
261,짬뽕,포가,1819203967,3,차돌박이홍짬뽕과 깐풍군만두 너무 맛나요 ㅠㅠ 홀이 작아서 웨이팅 필수 그러나 예고없이 쉴때가 많아서 그건 좀 별로.  홀 주문순서 등이 살짝 뒤죽박줄일때도 있어요. ,2020.10.31.,서울 마포구 성미산로 190-4 2층 (우)03982
262,짬뽕,포가,1819203967,2,테이블링 어플로 대기없이 들어갔지만 왜 인기가 많은지 모르겠네요. 기다렸으면 좀 화났을지도... 웨이팅이 심한 이유는 좁은 내부와 음청나게 느린 음식 나오는 시간때문인것 같아요. 음식 다 받을때까지 40분 걸렸네요...,2020.10.25.,서울 마포구 성미산로 190-4 2층 (우)03982
263,짬뽕,포가,1819203967,4,마늘쫑 면 요리와 고기 튀김 필수,2020.10.08.,서울 마포구 성미산로 190-4 2층 (우)03982
264,짬뽕,포가,1819203967,4,좋아요,2020.10.04.,서울 마포구 성미산로 190-4 2층 (우)03982
265,도삭면,송화산시도삭면,1448144892,5,음식이 빠르게 나와서 좋았고 맛있고 가격에 비해 양이나 퀄리티가 좋았음!! 재방문의사 있습니다!!,2020.11.09.,서울 광진구 뚝섬로27길 48 (우)05075
266,도삭면,송화산시도삭면,1448144892,5,진정한맛집  ,2020.11.03.,서울 광진구 뚝섬로27길 48 (우)05075
267,도삭면,송화산시도삭면,1448144892,4,도삭면 맛잇슺니다 고수들어가잇는데 빼먹으면 별맛언느껴집니다,2020.11.01.,서울 광진구 뚝섬로27길 48 (우)05075
268,도삭면,송화산시도삭면,1448144892,4,샤오로보는 제가 먹은것 중에 느끼하지 않고 맛있네요. 추가 1판했어요. 처음 먹어본 도삭면 특이하고 괜찮은데 고수 싫어하시는 분은 걷어내셔야 하고 조금 느끼할 수 있어요.,2020.10.30.,서울 광진구 뚝섬로27길 48 (우)05075
269,도삭면,송화산시도삭면,1448144892,4,이것은 면인가 수제비인가 별미로 괜찮음,2020.10.11.,서울 광진구 뚝섬로27길 48 (우)05075
270,양고기,화양연가,8798107,5,순수한양고기맛,2020.08.10.,서울 용산구 한강대로76길 5 (우)04352
271,양고기,화양연가,8798107,3,맛은 있지만 굳이 여기다! 하는 이유는 딱히,2020.07.15.,서울 용산구 한강대로76길 5 (우)04352
272,양고기,화양연가,8798107,5,최고예요,2020.04.19.,서울 용산구 한강대로76길 5 (우)04352
273,양고기,화양연가,8798107,1,"접객이 전혀 안되고, 뒷사람 먼저 안내하고 유령처럼 5분 동안 멀뚱히 서 있다 나왔네요.. 환기도 잘 안되고 참고하시길",2020.04.04.,서울 용산구 한강대로76길 5 (우)04352
274,양고기,화양연가,8798107,4,"양고기 냄새나면 못 먹는 타입인데, 냄새 하나도 안나요. 맛있습니다. 대기시간 길고 가게가 조금 좁아요. 직원들 친절합니다. 친구들 둘셋이서 가기 좋은 곳입니다. ",2020.03.10.,서울 용산구 한강대로76길 5 (우)04352
275,딤섬,쮸즈,24371711,2,그닥..? 일단 다시 가고싶진 않은 맛.  맛이 단편적이라고해야하나.  감칠맛이랄게 없고 그냥 달고 적당하다... 정도의 느낌.   면만 급하게 삶아서 국물넣고 끝낸 맛.  만두도 식은거 금방 렌지 돌린 느낌.   먹는내내 벌레날리고.. 테이블도 끈적거리고.. 위생은 중국같았음...  면이 많았는지 자기전까지 배불렀음.  -끝-,2020.11.07.,서울 강남구 도산대로17길 9 (우)06036
276,딤섬,쮸즈,24371711,3,몇년전에 오픈시간대가 일정치않아서 갈때마다 문을 안열었길래 문 닫은즐 알았는데 아직 있구나.. 맛은 있어요 ㅋㅋㅋ,2020.10.30.,서울 강남구 도산대로17길 9 (우)06036
277,딤섬,쮸즈,24371711,4,월요일인데도 웨이팅 조금 있었어요 그래도 금방 빠짐! 딴딴면도 맛있는데 딤섬이 진짜 맛있어요 육즙 ㅠ,2020.10.30.,서울 강남구 도산대로17길 9 (우)06036
278,딤섬,쮸즈,24371711,1,별로예요,2020.10.04.,서울 강남구 도산대로17길 9 (우)06036
279,딤섬,쮸즈,24371711,3,보통이에요,2020.10.04.,서울 강남구 도산대로17길 9 (우)06036
280,딤섬,골드피쉬딤섬퀴진,24010315,4,좋아요,2020.11.07.,서울 강남구 압구정로48길 35 (우)06018
281,딤섬,골드피쉬딤섬퀴진,24010315,2,맛없음ㅋㅋ무맛 간이 없다해야되나 근데비쌈,2020.10.29.,서울 강남구 압구정로48길 35 (우)06018
282,딤섬,골드피쉬딤섬퀴진,24010315,4,좋아요,2020.10.17.,서울 강남구 압구정로48길 35 (우)06018
283,딤섬,골드피쉬딤섬퀴진,24010315,4,중국 대만 본토에서 음식 안 먹어본 내 입맛으론 전체적으로 짱맛있음 국수요리는 조금 짠 편 서비스 엄청 친절함 사람 많은 시간대에 갔는데도 딤섬이 터졌다던지 요리가 잘못 나왔다던지에 대한 설명도 바쁠텐데 친절히 해주시고 사과해주시고 다시 갖다주심!!,2020.10.07.,서울 강남구 압구정로48길 35 (우)06018
284,딤섬,골드피쉬딤섬퀴진,24010315,4,대만 왜 가냐? 흥해라~,2020.09.30.,서울 강남구 압구정로48길 35 (우)06018
285,냉짬뽕,마담밍 선릉점,18283045,5,음식 진짜 맛있고 직원분들 친절하심,2020.11.05.,서울 강남구 선릉로86길 5-4 1층 (우)06192
286,냉짬뽕,마담밍 선릉점,18283045,5,냉짬뽕 말고 다른 맛있는 메뉴들도 정말 많아요 제일 좋아하는 중국집이에요 먹고나서 속이 더부룩하지 않거든요 쟁반짜장에 밥 비벼드세요 두번 드세요,2020.10.31.,서울 강남구 선릉로86길 5-4 1층 (우)06192
287,냉짬뽕,마담밍 선릉점,18283045,5,존맛입니다 ㅎㅎ 코스a로 시켰고 맛있었어요. 면도 더 주신다고하니 양많은분도 충분할거같네요. 친절하세요. 사진엔없지만 후식으로 바나나 샤베트 너무맛있어요,2020.10.22.,서울 강남구 선릉로86길 5-4 1층 (우)06192
288,냉짬뽕,마담밍 선릉점,18283045,4,냉짬뽕 제취향은 아니였던걸로..... 다른 메뉴들은 맛없지도 맛있지도 않습니다 그냥 무난한 중국집ㅇㅇ 다만 직원분들이 친절하셔서 재방문할 의사있음,2020.10.09.,서울 강남구 선릉로86길 5-4 1층 (우)06192
289,냉짬뽕,마담밍 선릉점,18283045,5,너무 맛있어요... 코로나시국에 유일하게 외식하러 2번 온 맛집ㅠ 왕복 두시간거리인데ㅋㅋㅋ 존맛,2020.10.03.,서울 강남구 선릉로86길 5-4 1층 (우)06192
290,탕수육,주,11831509,4,좋아요,2020.10.19.,서울 서초구 동광로19길 16 (우)06561
291,탕수육,주,11831509,1,가격이 상상초월...,2020.09.27.,서울 서초구 동광로19길 16 (우)06561
292,탕수육,주,11831509,2,탕수육은 정말 맛있음 근데 짬뽕은 진짜 먹을 수 없을 정도로 맛이 없었음 그리고 너무 비쌈 여기 다시 올 바엔 진짜 맛있는 탕수육집 더 찾아서 거기 갈거임,2020.09.13.,서울 서초구 동광로19길 16 (우)06561
293,탕수육,주,11831509,5,탕수육!!,2020.09.03.,서울 서초구 동광로19길 16 (우)06561
294,탕수육,주,11831509,5,탕수육 체고!,2020.07.25.,서울 서초구 동광로19길 16 (우)06561
295,만두,쟈니덤플링 1호점,17361137,4,좋아요,2020.11.08.,서울 용산구 보광로59길 5 (우)04391
296,만두,쟈니덤플링 1호점,17361137,4,좋아요,2020.11.08.,서울 용산구 보광로59길 5 (우)04391
297,만두,쟈니덤플링 1호점,17361137,5,최고예요,2020.10.17.,서울 용산구 보광로59길 5 (우)04391
298,만두,쟈니덤플링 1호점,17361137,3,보통이에요,2020.10.05.,서울 용산구 보광로59길 5 (우)04391
299,만두,쟈니덤플링 1호점,17361137,5,너무 맛있는 만두 칭따오와 함께 잘묵었슴다~,2020.09.28.,서울 용산구 보광로59길 5 (우)04391
300,탕수육,목란,21359554,3,솔직히 그 예약의 어려움을 뚫고 먹을 가치가 있냐면 정말 글쎄올시다 내가 맛알못일 수도 있으나 정말 특별한 맛은 아니었다,2020.11.01.,서울 서대문구 연희로15길 21 (우)03703
301,탕수육,목란,21359554,5,입 싼 놈들이 많네ㅋㅋ 짜파게티나 먹어라,2020.10.25.,서울 서대문구 연희로15길 21 (우)03703
302,탕수육,목란,21359554,2,두번 갔는데 짬뽕 맛이 괜찮았다가 짰다가 하구요 짜장면 면빨은 정말 쫄깃함 동파육은 기름 덩어리를 줘서 좀 그랬구요 맛도 그닥 무슨 맛인지 잘 모르겠더라구요 전 걍 보쌈이나 족발을 먹는게 나은거 같아요 결론적으로 짜장면 먹으러 거기까지 예약씩이나하고 가기싫음,2020.10.20.,서울 서대문구 연희로15길 21 (우)03703
303,탕수육,목란,21359554,1,"뭐 예약 안했다고 말을 하시는데, 학생이고 돈없어 보이면 그냥 깔보듯이 이야기 하시나요? ㅋㅋ 검은색 옷입은 서빙하는 매니저 같으분 되게 예의가 없으네여 ㅋㅋ 음식점이면 음식점 답게 손님을 대하는 말투랑 방법좀 교육시키셔야겠네요. 결국 음식도 못먹고 그냥 들어갔다가 나왔네요. 다시 갈마음없고 무례해서 가기 싫네요.",2020.10.18.,서울 서대문구 연희로15길 21 (우)03703
304,탕수육,목란,21359554,2,실망,2020.10.15.,서울 서대문구 연희로15길 21 (우)03703
305,만두,구복만두,27209120,5,얼웨이즈 쏘 굳 얌 굿,2020.11.01.,서울 용산구 두텁바위로 10 (우)04352
306,만두,구복만두,27209120,4,"새우만두,구복만두,김치만두 이렇게 포장해서 먹었는데 맛있었어요. 새우만두는 표고향이 특징이고 내용물도 알찼어요. 한가지 단점은..비닐봉투 잉크에 손이 물 들더라고요 ㅜㅜ ",2020.10.30.,서울 용산구 두텁바위로 10 (우)04352
307,만두,구복만두,27209120,1,김치만두는 진짜 너무 맛없어서 거의 다 남겼어요ㅠ 새우만두가 제일 나은데 다른 딤썸집에 비교도 못할정도로 맛이 없었어요 딤썸먹고 식욕잃은적이 없었거든요?ㅠ 진짜 비추합니다 절대 미쉐린집아니에요ㅠ,2020.10.29.,서울 용산구 두텁바위로 10 (우)04352
308,만두,구복만두,27209120,3,맛이 없는것도 아니지만 그렇다고 엄청 맛있지도 않아요.,2020.10.13.,서울 용산구 두텁바위로 10 (우)04352
309,만두,구복만두,27209120,3,보통이에요,2020.09.27.,서울 용산구 두텁바위로 10 (우)04352
310,가지튀김,하하,13727108,4,가지튀김 갓 나왔을때 맛있어요. 대체가 없어서 가게 되는듯합니다요. 가격도 적당하구요. 다른 음식들은 그냥 그랬고 분위기는 없는 식당. 술마시기 좋을듯,2020.11.08.,서울 마포구 동교로 263 (우)03983
311,가지튀김,하하,13727108,3,지인 분이 몇년 전에 이곳 방문하시고 이 집 가지튀김이 너무 맛있다면서 추천해주셔서 같이 갔는데 이전에 처음 먹어본 음식이라 신선하고 맛있었는데 튀김 껍질이 좀 두꺼운 느낌? 지인 분도 예전 만하지 않다고 살짝 실망하셨어요. 무엇보다 위생이 별로인 것 같아서 안갈 것 같아요...,2020.11.04.,서울 마포구 동교로 263 (우)03983
312,가지튀김,하하,13727108,4,가지튀김빼고는 그냥 그런데 가지튀김을 이렇게 하는 집이 없어서 자주가게된다,2020.11.03.,서울 마포구 동교로 263 (우)03983
313,가지튀김,하하,13727108,4,맛이#&'₩,2020.10.30.,서울 마포구 동교로 263 (우)03983
314,가지튀김,하하,13727108,2,조금 아쉬워요,2020.10.17.,서울 마포구 동교로 263 (우)03983
315,딤섬,포시즌스호텔 유유안,27464311,5,샤오롱바오 좋아해서 여러곳 가봤는데 진짜 유유안이 제일 맛있음,2020.10.22.,서울 종로구 새문안로 97 11층 (우)03183
316,딤섬,포시즌스호텔 유유안,27464311,4,베이징덕의 크리스피한 껍질과 고소한 고기가 맛있었어요 대나무어쩌고 하는 스프도 굿이었어요,2020.08.21.,서울 종로구 새문안로 97 11층 (우)03183
317,딤섬,포시즌스호텔 유유안,27464311,4,베이징덕 최고,2020.08.09.,서울 종로구 새문안로 97 11층 (우)03183
318,딤섬,포시즌스호텔 유유안,27464311,5,진짜 맛있어요~ 또 생각나네요.,2020.07.11.,서울 종로구 새문안로 97 11층 (우)03183
319,딤섬,포시즌스호텔 유유안,27464311,5,또먹고싶네 ㅠㅠ,2020.05.11.,서울 종로구 새문안로 97 11층 (우)03183
320,새우완탕면,벽돌해피푸드 압구정점,7894375,3,맛은 괜찮았는데 속이 좀.,2020.10.17.,서울 강남구 도산대로51길 36 1층 (우)06019
321,새우완탕면,벽돌해피푸드 압구정점,7894375,5,여사친한테 칭찬 받음ㅋ 그런 곳이에요. 가격은 2인기준 4만원 정도면 행복히 드실수 있어요.,2020.10.06.,서울 강남구 도산대로51길 36 1층 (우)06019
322,새우완탕면,벽돌해피푸드 압구정점,7894375,4,대부분 맛있고 분위기도 좋습니다. ,2020.08.14.,서울 강남구 도산대로51길 36 1층 (우)06019
323,새우완탕면,벽돌해피푸드 압구정점,7894375,3,짬뽕 은근 맛있음 그리고 돼지고기튀김 볶음밥(=돈까스) 맛있음 새우마요는 쏘쏘,2020.08.06.,서울 강남구 도산대로51길 36 1층 (우)06019
324,새우완탕면,벽돌해피푸드 압구정점,7894375,4,걍 뭐 실패는 안할 맛! ,2020.08.01.,서울 강남구 도산대로51길 36 1층 (우)06019
325,양고기,램랜드,7859798,5,최고예요,2020.10.23.,서울 마포구 토정로 255 (우)04159
326,양고기,램랜드,7859798,5,"맛있네요! 이런 스타일의 양갈비를 성수에서 먹었는데, 요기도 있었네요. 엄청 친절하시고 맛있게 구워주셔서 잘 먹었습니다~ 전골은 처음 먹어봤는데 술 당기는 맛이네요 ㅋㅋ 이왕이면 전골까지 드시는 걸 추천입니다!",2020.10.16.,서울 마포구 토정로 255 (우)04159
327,양고기,램랜드,7859798,4,한국식+살짝의 양식갬성! 양고기에 노린내 나지 않고 매우 담백 쫄깃한게 신의 한 수 라면사리 추가한 전골도 존맛탱 양고기 땡기면 종종 가야겠다^^,2020.07.30.,서울 마포구 토정로 255 (우)04159
328,양고기,램랜드,7859798,3,그렇게 맛있진 않은데 분위기+고기+전골 합이 술 마시기 좋다.,2020.07.13.,서울 마포구 토정로 255 (우)04159
329,양고기,램랜드,7859798,4,지금처럼 양고기가 대중화되기 이전부터 다니던곳,2020.05.28.,서울 마포구 토정로 255 (우)04159
330,멘보샤,산왕반점 연남동본점,26469821,4,가격대비 맛있어요.   새우빵 맛집,2020.11.05.,서울 마포구 성미산로29안길 19-5 (우)03980
331,멘보샤,산왕반점 연남동본점,26469821,3,저렴하고 가격대비 괜찮은 퀄리티,2020.11.03.,서울 마포구 성미산로29안길 19-5 (우)03980
332,멘보샤,산왕반점 연남동본점,26469821,4,"멘보샤 살짝 느끼한데 맛있고, 쇼우기는 여기서 처음 먹어봐서 비교는 못하겠지만 맛있게 먹었어요 ",2020.09.06.,서울 마포구 성미산로29안길 19-5 (우)03980
333,멘보샤,산왕반점 연남동본점,26469821,5,"멘보샤로 산왕반점 입문했고, 그 뒤로 쇼우기 한 번 먹고 반함. 여기 정말 나쁜 가게에요. 나에게 이제서야 쇼우기를 맛보게 하다니...  또 가야지 ",2020.08.13.,서울 마포구 성미산로29안길 19-5 (우)03980
334,멘보샤,산왕반점 연남동본점,26469821,3,맛있었어요..주차가안되서 매우불편,2020.08.10.,서울 마포구 성미산로29안길 19-5 (우)03980
335,도삭면,란주칼면,12793877,4,맛있어요. 도삭면은 처음 먹어보는데 식감이 재밌네요. 다른 메뉴 먹어보러 또 오고싶음. 간이 좀 세긴 했지만 ㅋㅋ +중화요리점에서 김치가 이렇게 맛있던 건 처음이라 신기하네요 ,2020.11.09.,서울 중구 소공로 64 동남빌딩 (우)04535
336,도삭면,란주칼면,12793877,4,좋아요,2020.11.08.,서울 중구 소공로 64 동남빌딩 (우)04535
337,도삭면,란주칼면,12793877,5,최고예요,2020.11.05.,서울 중구 소공로 64 동남빌딩 (우)04535
338,도삭면,란주칼면,12793877,5,도삭면 꿔바로우 ㄱ ㄱ ,2020.11.05.,서울 중구 소공로 64 동남빌딩 (우)04535
339,도삭면,란주칼면,12793877,5,한국식 마라 싫은데 요긴 찐이다,2020.10.17.,서울 중구 소공로 64 동남빌딩 (우)04535
340,탕수육,외래향 서울대점,16094210,4,좋아요,2020.10.27.,서울 관악구 남부순환로 1801 2층 (우)08758
341,탕수육,외래향 서울대점,16094210,4,탕수육 짜장면 먹었는데 짜장면은 소스가 너무 부족했어요ㅜㅜ 탕수육도 그냥그래요  +다시 먹었는데 맛있었음 201024,2020.10.24.,서울 관악구 남부순환로 1801 2층 (우)08758
342,탕수육,외래향 서울대점,16094210,3,자장면과 탕수육운 괜찮앗어요 볶음면은 간이 많이 쎄요,2020.10.08.,서울 관악구 남부순환로 1801 2층 (우)08758
343,탕수육,외래향 서울대점,16094210,1,예전 맛이 안남.   갈수록 맛이 없어짐.,2020.09.25.,서울 관악구 남부순환로 1801 2층 (우)08758
344,탕수육,외래향 서울대점,16094210,1,"카운터에서 일하는 여자분 너무 불친절합니다. 손님 카드를 계산대에 툭 내려놓고, 짜증내면서 펜을 휙휙 던지네요.",2020.09.21.,서울 관악구 남부순환로 1801 2층 (우)08758
345,딤섬,딩딤1968,1332784474,1,"화장실에 비누없는 집에 대해서 편견이 있는데 비누없음. 화장실에 휴지 없어서 밥나오기전에 점원이랑 화장실 이야기 5번하게됌... 밥맛떨어짐 딤섬은 맛있어서 개선되었으면 좋겠음.  점심때 방문했는데 무딤섬, 콘지 준비안됐음",2020.11.06.,서울 강남구 강남대로160길 27 (우)06028
346,딤섬,딩딤1968,1332784474,4,고추뭐시기 진짜 맛있었어요 또먹고싶음,2020.11.03.,서울 강남구 강남대로160길 27 (우)06028
347,딤섬,딩딤1968,1332784474,5,최고예요,2020.10.04.,서울 강남구 강남대로160길 27 (우)06028
348,딤섬,딩딤1968,1332784474,1,별로예요,2020.09.29.,서울 강남구 강남대로160길 27 (우)06028
349,딤섬,딩딤1968,1332784474,5,갓딩딤 빛딩딤 딩디리딩딤딩딤딤,2020.09.12.,서울 강남구 강남대로160길 27 (우)06028
350,깨부수면,정육면체,1705674698,2,몇달만에 왔는데 우육면에 힘줄 빠진거 너무 아쉽다.. 왜 뺐지? 싶음  좀 더 담백한 맛으로 레시피 변경한듯.. 라유 넣으면 이건 괜찮음,2020.11.07.,서울 서대문구 연세로5다길 22-8 1층 101호 (우)03789
351,깨부수면,정육면체,1705674698,5,"개인적으로 신촌 우육면 집 중에서 가장 좋았어요! 국수를 밥으로 바꿔주시는데, 전 밥이 좀 더 취향이었어요. 국수 말고도 탕수육(?)같은거 있는데 2명에서 먹기 딱 좋아요.",2020.11.03.,서울 서대문구 연세로5다길 22-8 1층 101호 (우)03789
352,깨부수면,정육면체,1705674698,4,맛있는 홍탕면 특이하고 꼬숩던 깨부수면 ,2020.10.26.,서울 서대문구 연세로5다길 22-8 1층 101호 (우)03789
353,깨부수면,정육면체,1705674698,2,비빔면맛있는데  홍탕면완전별로  굳이기다려서먹는맛아님! ,2020.10.24.,서울 서대문구 연세로5다길 22-8 1층 101호 (우)03789
354,깨부수면,정육면체,1705674698,1,믿거미 홍면의 면은 안 익어서 밀가루 맛이 나고 들깨면은 심하게 느끼해서 두입먹기 힘들다 인스타이벤트는 하지도 않으면서 메뉴판에 적어놔서 민망했음  다신 가고 싶지 않다,2020.10.17.,서울 서대문구 연세로5다길 22-8 1층 101호 (우)03789
355,탕수육,일일향 잠실점,142439579,1,"들어갔는데 직원이 인사도 안하고, 안내고 한참 서 있어야 해줍니다. 멀뚱멀뚱 손님 세워놓고, 한참 지나서야 2층 올라가라고 했어요. 2층 올라가니 갑자기 2층 종업원이 1층 종업원에게 짜증을 내고, 그대로 세워놓은 채 자기들끼리 서로 짜증내더니 한참 있다가 1층으로 가라고 하네요... ",2020.10.19.,서울 송파구 석촌호수로 290 (우)05618
356,탕수육,일일향 잠실점,142439579,4,요리메뉴를 안먹어서 그런건가? 짬뽕 백짬뽕 짜장면 기본메뉴들은 다 맛있음 특히 백짬뽕 국물 기가 막힘  해장하러갔는데 술시킬까 고민되는 맛~ 아 체인점 인줄 몰랐는데 체인점이더라구요,2020.09.29.,서울 송파구 석촌호수로 290 (우)05618
357,탕수육,일일향 잠실점,142439579,1,짬뽕맛이 점점 맛없어지는곳~,2020.08.30.,서울 송파구 석촌호수로 290 (우)05618
358,탕수육,일일향 잠실점,142439579,4,쟁반짜장이 맛있는 곳,2020.08.19.,서울 송파구 석촌호수로 290 (우)05618
359,탕수육,일일향 잠실점,142439579,4,좋아요,2020.08.13.,서울 송파구 석촌호수로 290 (우)05618
360,탕수육,자리,26793540,1,"볶은밥이 다먹을때까지 탕수육은 나오지않았고 , 나말고 다른 테이블도 음식이 하나씩 안나와서 코스로 먹고있다. 볶은밥을 시키니 차가운 계란국을 요청을 해야만 준다. 볶은밥그릇도 묘하게 작은게 가격대비 양이적다. ",2020.10.24.,서울 용산구 이태원로54길 5-5 (우)04399
361,탕수육,자리,26793540,4,출출해서 들린 이곳 깔끔한 맛을 좋아하는 내게 이집 짬뽕은 입맛에 잘 맞았음 친절도도 생각보다 괜춘했다ㅎ,2020.09.13.,서울 용산구 이태원로54길 5-5 (우)04399
362,탕수육,자리,26793540,1,멋모르고 저녁먹으러 왔다가 주문받는 종업원 불친절. 주인양반에게 메뉴 물어 봤다가 면박 같은 댜답.  음식나오기 전부터 실망하고. 음식은 분식집 수준. 담는 그릇도 그렇고 맛은 더형편없어요 정말최악이네 복음밥. 잡채밥 가격은 11000원인데 분식집 6000원 짜리랑 맛은 비슷해요,2020.08.06.,서울 용산구 이태원로54길 5-5 (우)04399
363,탕수육,자리,26793540,2,예전엔 맛있었는데 예전같진 않네요. 그래도 맛은 중간은 하는것 같은데 가격 생각하면 맨발에 슬리퍼 신고 하는 서빙은 좀 아니지 않나요. ,2020.07.07.,서울 용산구 이태원로54길 5-5 (우)04399
364,탕수육,자리,26793540,1,이런거 잘 안남기는 편인데 홀 직원 진짜 불친절해요.ㅋ세상 편하게 배짱장사 하시는듯 ; 맛은 좋았는데 서비스때매 맛 하나도 기억에 안 남아요  ,2020.06.20.,서울 용산구 이태원로54길 5-5 (우)04399
250,탕수육,몽중헌 방이점,19452961,3,굿,2020.11.10.,"서울 송파구 위례성대로 10 S타워 20, 21층 (우)05544"
251,탕수육,몽중헌 방이점,19452961,1,예약확인 하시는분이 아주아주 친절하시네요 ^^^^^^^^,2020.11.07.,"서울 송파구 위례성대로 10 S타워 20, 21층 (우)05544"
252,탕수육,몽중헌 방이점,19452961,3,쏘쏘,2020.10.24.,"서울 송파구 위례성대로 10 S타워 20, 21층 (우)05544"
253,탕수육,몽중헌 방이점,19452961,3,보통이에요,2020.09.17.,"서울 송파구 위례성대로 10 S타워 20, 21층 (우)05544"
254,탕수육,몽중헌 방이점,19452961,5,발렛이 되니 편리하고 딤섬이 아주 맛있어요 짜장면은 쏘쏘합니다,2020.09.16.,"서울 송파구 위례성대로 10 S타워 20, 21층 (우)05544"
255,탕수육,양식당더램키친,19716587,5,양갈비가 냄새도 나지 않고 정말 맛있네요. 밑반찬과 식사로 주문한 비빔밥과 국수도 맛있게 먹었어요.  좋은 분위기에서 행복한 시간이었습니다 ,2020.02.06.,서울 강남구 압구정로8길 5 2층 (우)06028
256,탕수육,양식당더램키친,19716587,4,양갈비는 냄새 안나고 맛있습니다   다만 밑반찬이 너무 달고 다소 성의 없는 느낌입니다   파무침+양등심 조합을 따로 주문해야하는데 양등심을 푸짐하게 주긴하나 냄새가 납니다 파무침은 기본 찬으로 하는게 더 좋을 것 같습니다  ,2019.10.28.,서울 강남구 압구정로8길 5 2층 (우)06028
257,탕수육,양식당더램키친,19716587,4,좋아요,2019.07.01.,서울 강남구 압구정로8길 5 2층 (우)06028
258,탕수육,양식당더램키친,19716587,4,좋아요,2019.01.20.,서울 강남구 압구정로8길 5 2층 (우)06028
259,탕수육,양식당더램키친,19716587,4,고기의 퀄리티는 최고입니다. ,2018.10.27.,서울 강남구 압구정로8길 5 2층 (우)06028
260,탕수육,포가,1819203967,5,"깐풍만두, 고기튀김 최고 중국요리답게 톡쏘는데 그러면서 또 깔끔하다.  또 와서 다른거 먹어야지",2020.11.05.,서울 마포구 성미산로 190-4 2층 (우)03982
261,탕수육,포가,1819203967,3,차돌박이홍짬뽕과 깐풍군만두 너무 맛나요 ㅠㅠ 홀이 작아서 웨이팅 필수 그러나 예고없이 쉴때가 많아서 그건 좀 별로.  홀 주문순서 등이 살짝 뒤죽박줄일때도 있어요. ,2020.10.31.,서울 마포구 성미산로 190-4 2층 (우)03982
262,탕수육,포가,1819203967,2,테이블링 어플로 대기없이 들어갔지만 왜 인기가 많은지 모르겠네요. 기다렸으면 좀 화났을지도... 웨이팅이 심한 이유는 좁은 내부와 음청나게 느린 음식 나오는 시간때문인것 같아요. 음식 다 받을때까지 40분 걸렸네요...,2020.10.25.,서울 마포구 성미산로 190-4 2층 (우)03982
263,탕수육,포가,1819203967,4,마늘쫑 면 요리와 고기 튀김 필수,2020.10.08.,서울 마포구 성미산로 190-4 2층 (우)03982
264,탕수육,포가,1819203967,4,좋아요,2020.10.04.,서울 마포구 성미산로 190-4 2층 (우)03982
265,탕수육,송화산시도삭면,1448144892,5,음식이 빠르게 나와서 좋았고 맛있고 가격에 비해 양이나 퀄리티가 좋았음!! 재방문의사 있습니다!!,2020.11.09.,서울 광진구 뚝섬로27길 48 (우)05075
266,탕수육,송화산시도삭면,1448144892,5,진정한맛집  ,2020.11.03.,서울 광진구 뚝섬로27길 48 (우)05075
267,탕수육,송화산시도삭면,1448144892,4,도삭면 맛잇슺니다 고수들어가잇는데 빼먹으면 별맛언느껴집니다,2020.11.01.,서울 광진구 뚝섬로27길 48 (우)05075
268,탕수육,송화산시도삭면,1448144892,4,샤오로보는 제가 먹은것 중에 느끼하지 않고 맛있네요. 추가 1판했어요. 처음 먹어본 도삭면 특이하고 괜찮은데 고수 싫어하시는 분은 걷어내셔야 하고 조금 느끼할 수 있어요.,2020.10.30.,서울 광진구 뚝섬로27길 48 (우)05075
269,탕수육,송화산시도삭면,1448144892,4,이것은 면인가 수제비인가 별미로 괜찮음,2020.10.11.,서울 광진구 뚝섬로27길 48 (우)05075
270,탕수육,화양연가,8798107,5,순수한양고기맛,2020.08.10.,서울 용산구 한강대로76길 5 (우)04352
271,탕수육,화양연가,8798107,3,맛은 있지만 굳이 여기다! 하는 이유는 딱히,2020.07.15.,서울 용산구 한강대로76길 5 (우)04352
272,탕수육,화양연가,8798107,5,최고예요,2020.04.19.,서울 용산구 한강대로76길 5 (우)04352
273,탕수육,화양연가,8798107,1,"접객이 전혀 안되고, 뒷사람 먼저 안내하고 유령처럼 5분 동안 멀뚱히 서 있다 나왔네요.. 환기도 잘 안되고 참고하시길",2020.04.04.,서울 용산구 한강대로76길 5 (우)04352
274,탕수육,화양연가,8798107,4,"양고기 냄새나면 못 먹는 타입인데, 냄새 하나도 안나요. 맛있습니다. 대기시간 길고 가게가 조금 좁아요. 직원들 친절합니다. 친구들 둘셋이서 가기 좋은 곳입니다. ",2020.03.10.,서울 용산구 한강대로76길 5 (우)04352
275,탕수육,쮸즈,24371711,2,그닥..? 일단 다시 가고싶진 않은 맛.  맛이 단편적이라고해야하나.  감칠맛이랄게 없고 그냥 달고 적당하다... 정도의 느낌.   면만 급하게 삶아서 국물넣고 끝낸 맛.  만두도 식은거 금방 렌지 돌린 느낌.   먹는내내 벌레날리고.. 테이블도 끈적거리고.. 위생은 중국같았음...  면이 많았는지 자기전까지 배불렀음.  -끝-,2020.11.07.,서울 강남구 도산대로17길 9 (우)06036
276,탕수육,쮸즈,24371711,3,몇년전에 오픈시간대가 일정치않아서 갈때마다 문을 안열었길래 문 닫은즐 알았는데 아직 있구나.. 맛은 있어요 ㅋㅋㅋ,2020.10.30.,서울 강남구 도산대로17길 9 (우)06036
277,탕수육,쮸즈,24371711,4,월요일인데도 웨이팅 조금 있었어요 그래도 금방 빠짐! 딴딴면도 맛있는데 딤섬이 진짜 맛있어요 육즙 ㅠ,2020.10.30.,서울 강남구 도산대로17길 9 (우)06036
278,탕수육,쮸즈,24371711,1,별로예요,2020.10.04.,서울 강남구 도산대로17길 9 (우)06036
279,탕수육,쮸즈,24371711,3,보통이에요,2020.10.04.,서울 강남구 도산대로17길 9 (우)06036
280,탕수육,골드피쉬딤섬퀴진,24010315,4,좋아요,2020.11.07.,서울 강남구 압구정로48길 35 (우)06018
281,탕수육,골드피쉬딤섬퀴진,24010315,2,맛없음ㅋㅋ무맛 간이 없다해야되나 근데비쌈,2020.10.29.,서울 강남구 압구정로48길 35 (우)06018
282,탕수육,골드피쉬딤섬퀴진,24010315,4,좋아요,2020.10.17.,서울 강남구 압구정로48길 35 (우)06018
283,탕수육,골드피쉬딤섬퀴진,24010315,4,중국 대만 본토에서 음식 안 먹어본 내 입맛으론 전체적으로 짱맛있음 국수요리는 조금 짠 편 서비스 엄청 친절함 사람 많은 시간대에 갔는데도 딤섬이 터졌다던지 요리가 잘못 나왔다던지에 대한 설명도 바쁠텐데 친절히 해주시고 사과해주시고 다시 갖다주심!!,2020.10.07.,서울 강남구 압구정로48길 35 (우)06018
284,탕수육,골드피쉬딤섬퀴진,24010315,4,대만 왜 가냐? 흥해라~,2020.09.30.,서울 강남구 압구정로48길 35 (우)06018
285,탕수육,마담밍 선릉점,18283045,5,음식 진짜 맛있고 직원분들 친절하심,2020.11.05.,서울 강남구 선릉로86길 5-4 1층 (우)06192
286,탕수육,마담밍 선릉점,18283045,5,냉짬뽕 말고 다른 맛있는 메뉴들도 정말 많아요 제일 좋아하는 중국집이에요 먹고나서 속이 더부룩하지 않거든요 쟁반짜장에 밥 비벼드세요 두번 드세요,2020.10.31.,서울 강남구 선릉로86길 5-4 1층 (우)06192
287,탕수육,마담밍 선릉점,18283045,5,존맛입니다 ㅎㅎ 코스a로 시켰고 맛있었어요. 면도 더 주신다고하니 양많은분도 충분할거같네요. 친절하세요. 사진엔없지만 후식으로 바나나 샤베트 너무맛있어요,2020.10.22.,서울 강남구 선릉로86길 5-4 1층 (우)06192
288,탕수육,마담밍 선릉점,18283045,4,냉짬뽕 제취향은 아니였던걸로..... 다른 메뉴들은 맛없지도 맛있지도 않습니다 그냥 무난한 중국집ㅇㅇ 다만 직원분들이 친절하셔서 재방문할 의사있음,2020.10.09.,서울 강남구 선릉로86길 5-4 1층 (우)06192
289,탕수육,마담밍 선릉점,18283045,5,너무 맛있어요... 코로나시국에 유일하게 외식하러 2번 온 맛집ㅠ 왕복 두시간거리인데ㅋㅋㅋ 존맛,2020.10.03.,서울 강남구 선릉로86길 5-4 1층 (우)06192
290,탕수육,주,11831509,4,좋아요,2020.10.19.,서울 서초구 동광로19길 16 (우)06561
291,탕수육,주,11831509,1,가격이 상상초월...,2020.09.27.,서울 서초구 동광로19길 16 (우)06561
292,탕수육,주,11831509,2,탕수육은 정말 맛있음 근데 짬뽕은 진짜 먹을 수 없을 정도로 맛이 없었음 그리고 너무 비쌈 여기 다시 올 바엔 진짜 맛있는 탕수육집 더 찾아서 거기 갈거임,2020.09.13.,서울 서초구 동광로19길 16 (우)06561
293,탕수육,주,11831509,5,탕수육!!,2020.09.03.,서울 서초구 동광로19길 16 (우)06561
294,탕수육,주,11831509,5,탕수육 체고!,2020.07.25.,서울 서초구 동광로19길 16 (우)06561
295,탕수육,쟈니덤플링 1호점,17361137,4,좋아요,2020.11.08.,서울 용산구 보광로59길 5 (우)04391
296,탕수육,쟈니덤플링 1호점,17361137,4,좋아요,2020.11.08.,서울 용산구 보광로59길 5 (우)04391
297,탕수육,쟈니덤플링 1호점,17361137,5,최고예요,2020.10.17.,서울 용산구 보광로59길 5 (우)04391
298,탕수육,쟈니덤플링 1호점,17361137,3,보통이에요,2020.10.05.,서울 용산구 보광로59길 5 (우)04391
299,탕수육,쟈니덤플링 1호점,17361137,5,너무 맛있는 만두 칭따오와 함께 잘묵었슴다~,2020.09.28.,서울 용산구 보광로59길 5 (우)04391
300,탕수육,목란,21359554,3,솔직히 그 예약의 어려움을 뚫고 먹을 가치가 있냐면 정말 글쎄올시다 내가 맛알못일 수도 있으나 정말 특별한 맛은 아니었다,2020.11.01.,서울 서대문구 연희로15길 21 (우)03703
301,탕수육,목란,21359554,5,입 싼 놈들이 많네ㅋㅋ 짜파게티나 먹어라,2020.10.25.,서울 서대문구 연희로15길 21 (우)03703
302,탕수육,목란,21359554,2,두번 갔는데 짬뽕 맛이 괜찮았다가 짰다가 하구요 짜장면 면빨은 정말 쫄깃함 동파육은 기름 덩어리를 줘서 좀 그랬구요 맛도 그닥 무슨 맛인지 잘 모르겠더라구요 전 걍 보쌈이나 족발을 먹는게 나은거 같아요 결론적으로 짜장면 먹으러 거기까지 예약씩이나하고 가기싫음,2020.10.20.,서울 서대문구 연희로15길 21 (우)03703
303,탕수육,목란,21359554,1,"뭐 예약 안했다고 말을 하시는데, 학생이고 돈없어 보이면 그냥 깔보듯이 이야기 하시나요? ㅋㅋ 검은색 옷입은 서빙하는 매니저 같으분 되게 예의가 없으네여 ㅋㅋ 음식점이면 음식점 답게 손님을 대하는 말투랑 방법좀 교육시키셔야겠네요. 결국 음식도 못먹고 그냥 들어갔다가 나왔네요. 다시 갈마음없고 무례해서 가기 싫네요.",2020.10.18.,서울 서대문구 연희로15길 21 (우)03703
304,탕수육,목란,21359554,2,실망,2020.10.15.,서울 서대문구 연희로15길 21 (우)03703
305,탕수육,구복만두,27209120,5,얼웨이즈 쏘 굳 얌 굿,2020.11.01.,서울 용산구 두텁바위로 10 (우)04352
306,탕수육,구복만두,27209120,4,"새우만두,구복만두,김치만두 이렇게 포장해서 먹었는데 맛있었어요. 새우만두는 표고향이 특징이고 내용물도 알찼어요. 한가지 단점은..비닐봉투 잉크에 손이 물 들더라고요 ㅜㅜ ",2020.10.30.,서울 용산구 두텁바위로 10 (우)04352
307,탕수육,구복만두,27209120,1,김치만두는 진짜 너무 맛없어서 거의 다 남겼어요ㅠ 새우만두가 제일 나은데 다른 딤썸집에 비교도 못할정도로 맛이 없었어요 딤썸먹고 식욕잃은적이 없었거든요?ㅠ 진짜 비추합니다 절대 미쉐린집아니에요ㅠ,2020.10.29.,서울 용산구 두텁바위로 10 (우)04352
308,탕수육,구복만두,27209120,3,맛이 없는것도 아니지만 그렇다고 엄청 맛있지도 않아요.,2020.10.13.,서울 용산구 두텁바위로 10 (우)04352
309,탕수육,구복만두,27209120,3,보통이에요,2020.09.27.,서울 용산구 두텁바위로 10 (우)04352
310,탕수육,하하,13727108,4,가지튀김 갓 나왔을때 맛있어요. 대체가 없어서 가게 되는듯합니다요. 가격도 적당하구요. 다른 음식들은 그냥 그랬고 분위기는 없는 식당. 술마시기 좋을듯,2020.11.08.,서울 마포구 동교로 263 (우)03983
311,탕수육,하하,13727108,3,지인 분이 몇년 전에 이곳 방문하시고 이 집 가지튀김이 너무 맛있다면서 추천해주셔서 같이 갔는데 이전에 처음 먹어본 음식이라 신선하고 맛있었는데 튀김 껍질이 좀 두꺼운 느낌? 지인 분도 예전 만하지 않다고 살짝 실망하셨어요. 무엇보다 위생이 별로인 것 같아서 안갈 것 같아요...,2020.11.04.,서울 마포구 동교로 263 (우)03983
312,탕수육,하하,13727108,4,가지튀김빼고는 그냥 그런데 가지튀김을 이렇게 하는 집이 없어서 자주가게된다,2020.11.03.,서울 마포구 동교로 263 (우)03983
313,탕수육,하하,13727108,4,맛이#&'₩,2020.10.30.,서울 마포구 동교로 263 (우)03983
314,탕수육,하하,13727108,2,조금 아쉬워요,2020.10.17.,서울 마포구 동교로 263 (우)03983
315,탕수육,포시즌스호텔 유유안,27464311,5,샤오롱바오 좋아해서 여러곳 가봤는데 진짜 유유안이 제일 맛있음,2020.10.22.,서울 종로구 새문안로 97 11층 (우)03183
316,탕수육,포시즌스호텔 유유안,27464311,4,베이징덕의 크리스피한 껍질과 고소한 고기가 맛있었어요 대나무어쩌고 하는 스프도 굿이었어요,2020.08.21.,서울 종로구 새문안로 97 11층 (우)03183
317,탕수육,포시즌스호텔 유유안,27464311,4,베이징덕 최고,2020.08.09.,서울 종로구 새문안로 97 11층 (우)03183
318,탕수육,포시즌스호텔 유유안,27464311,5,진짜 맛있어요~ 또 생각나네요.,2020.07.11.,서울 종로구 새문안로 97 11층 (우)03183
319,탕수육,포시즌스호텔 유유안,27464311,5,또먹고싶네 ㅠㅠ,2020.05.11.,서울 종로구 새문안로 97 11층 (우)03183
320,탕수육,벽돌해피푸드 압구정점,7894375,3,맛은 괜찮았는데 속이 좀.,2020.10.17.,서울 강남구 도산대로51길 36 1층 (우)06019
321,탕수육,벽돌해피푸드 압구정점,7894375,5,여사친한테 칭찬 받음ㅋ 그런 곳이에요. 가격은 2인기준 4만원 정도면 행복히 드실수 있어요.,2020.10.06.,서울 강남구 도산대로51길 36 1층 (우)06019
322,탕수육,벽돌해피푸드 압구정점,7894375,4,대부분 맛있고 분위기도 좋습니다. ,2020.08.14.,서울 강남구 도산대로51길 36 1층 (우)06019
323,탕수육,벽돌해피푸드 압구정점,7894375,3,짬뽕 은근 맛있음 그리고 돼지고기튀김 볶음밥(=돈까스) 맛있음 새우마요는 쏘쏘,2020.08.06.,서울 강남구 도산대로51길 36 1층 (우)06019
324,탕수육,벽돌해피푸드 압구정점,7894375,4,걍 뭐 실패는 안할 맛! ,2020.08.01.,서울 강남구 도산대로51길 36 1층 (우)06019
325,탕수육,램랜드,7859798,5,최고예요,2020.10.23.,서울 마포구 토정로 255 (우)04159
326,탕수육,램랜드,7859798,5,"맛있네요! 이런 스타일의 양갈비를 성수에서 먹었는데, 요기도 있었네요. 엄청 친절하시고 맛있게 구워주셔서 잘 먹었습니다~ 전골은 처음 먹어봤는데 술 당기는 맛이네요 ㅋㅋ 이왕이면 전골까지 드시는 걸 추천입니다!",2020.10.16.,서울 마포구 토정로 255 (우)04159
327,탕수육,램랜드,7859798,4,한국식+살짝의 양식갬성! 양고기에 노린내 나지 않고 매우 담백 쫄깃한게 신의 한 수 라면사리 추가한 전골도 존맛탱 양고기 땡기면 종종 가야겠다^^,2020.07.30.,서울 마포구 토정로 255 (우)04159
328,탕수육,램랜드,7859798,3,그렇게 맛있진 않은데 분위기+고기+전골 합이 술 마시기 좋다.,2020.07.13.,서울 마포구 토정로 255 (우)04159
329,탕수육,램랜드,7859798,4,지금처럼 양고기가 대중화되기 이전부터 다니던곳,2020.05.28.,서울 마포구 토정로 255 (우)04159
330,탕수육,산왕반점 연남동본점,26469821,4,가격대비 맛있어요.   새우빵 맛집,2020.11.05.,서울 마포구 성미산로29안길 19-5 (우)03980
331,탕수육,산왕반점 연남동본점,26469821,3,저렴하고 가격대비 괜찮은 퀄리티,2020.11.03.,서울 마포구 성미산로29안길 19-5 (우)03980
332,탕수육,산왕반점 연남동본점,26469821,4,"멘보샤 살짝 느끼한데 맛있고, 쇼우기는 여기서 처음 먹어봐서 비교는 못하겠지만 맛있게 먹었어요 ",2020.09.06.,서울 마포구 성미산로29안길 19-5 (우)03980
333,탕수육,산왕반점 연남동본점,26469821,5,"멘보샤로 산왕반점 입문했고, 그 뒤로 쇼우기 한 번 먹고 반함. 여기 정말 나쁜 가게에요. 나에게 이제서야 쇼우기를 맛보게 하다니...  또 가야지 ",2020.08.13.,서울 마포구 성미산로29안길 19-5 (우)03980
334,탕수육,산왕반점 연남동본점,26469821,3,맛있었어요..주차가안되서 매우불편,2020.08.10.,서울 마포구 성미산로29안길 19-5 (우)03980
335,탕수육,란주칼면,12793877,4,맛있어요. 도삭면은 처음 먹어보는데 식감이 재밌네요. 다른 메뉴 먹어보러 또 오고싶음. 간이 좀 세긴 했지만 ㅋㅋ +중화요리점에서 김치가 이렇게 맛있던 건 처음이라 신기하네요 ,2020.11.09.,서울 중구 소공로 64 동남빌딩 (우)04535
336,탕수육,란주칼면,12793877,4,좋아요,2020.11.08.,서울 중구 소공로 64 동남빌딩 (우)04535
337,탕수육,란주칼면,12793877,5,최고예요,2020.11.05.,서울 중구 소공로 64 동남빌딩 (우)04535
338,탕수육,란주칼면,12793877,5,도삭면 꿔바로우 ㄱ ㄱ ,2020.11.05.,서울 중구 소공로 64 동남빌딩 (우)04535
339,탕수육,란주칼면,12793877,5,한국식 마라 싫은데 요긴 찐이다,2020.10.17.,서울 중구 소공로 64 동남빌딩 (우)04535
340,탕수육,외래향 서울대점,16094210,4,좋아요,2020.10.27.,서울 관악구 남부순환로 1801 2층 (우)08758
341,탕수육,외래향 서울대점,16094210,4,탕수육 짜장면 먹었는데 짜장면은 소스가 너무 부족했어요ㅜㅜ 탕수육도 그냥그래요  +다시 먹었는데 맛있었음 201024,2020.10.24.,서울 관악구 남부순환로 1801 2층 (우)08758
342,탕수육,외래향 서울대점,16094210,3,자장면과 탕수육운 괜찮앗어요 볶음면은 간이 많이 쎄요,2020.10.08.,서울 관악구 남부순환로 1801 2층 (우)08758
343,탕수육,외래향 서울대점,16094210,1,예전 맛이 안남.   갈수록 맛이 없어짐.,2020.09.25.,서울 관악구 남부순환로 1801 2층 (우)08758
344,탕수육,외래향 서울대점,16094210,1,"카운터에서 일하는 여자분 너무 불친절합니다. 손님 카드를 계산대에 툭 내려놓고, 짜증내면서 펜을 휙휙 던지네요.",2020.09.21.,서울 관악구 남부순환로 1801 2층 (우)08758
345,탕수육,딩딤1968,1332784474,1,"화장실에 비누없는 집에 대해서 편견이 있는데 비누없음. 화장실에 휴지 없어서 밥나오기전에 점원이랑 화장실 이야기 5번하게됌... 밥맛떨어짐 딤섬은 맛있어서 개선되었으면 좋겠음.  점심때 방문했는데 무딤섬, 콘지 준비안됐음",2020.11.06.,서울 강남구 강남대로160길 27 (우)06028
346,탕수육,딩딤1968,1332784474,4,고추뭐시기 진짜 맛있었어요 또먹고싶음,2020.11.03.,서울 강남구 강남대로160길 27 (우)06028
347,탕수육,딩딤1968,1332784474,5,최고예요,2020.10.04.,서울 강남구 강남대로160길 27 (우)06028
348,탕수육,딩딤1968,1332784474,1,별로예요,2020.09.29.,서울 강남구 강남대로160길 27 (우)06028
349,탕수육,딩딤1968,1332784474,5,갓딩딤 빛딩딤 딩디리딩딤딩딤딤,2020.09.12.,서울 강남구 강남대로160길 27 (우)06028
350,탕수육,정육면체,1705674698,2,몇달만에 왔는데 우육면에 힘줄 빠진거 너무 아쉽다.. 왜 뺐지? 싶음  좀 더 담백한 맛으로 레시피 변경한듯.. 라유 넣으면 이건 괜찮음,2020.11.07.,서울 서대문구 연세로5다길 22-8 1층 101호 (우)03789
351,탕수육,정육면체,1705674698,5,"개인적으로 신촌 우육면 집 중에서 가장 좋았어요! 국수를 밥으로 바꿔주시는데, 전 밥이 좀 더 취향이었어요. 국수 말고도 탕수육(?)같은거 있는데 2명에서 먹기 딱 좋아요.",2020.11.03.,서울 서대문구 연세로5다길 22-8 1층 101호 (우)03789
352,탕수육,정육면체,1705674698,4,맛있는 홍탕면 특이하고 꼬숩던 깨부수면 ,2020.10.26.,서울 서대문구 연세로5다길 22-8 1층 101호 (우)03789
353,탕수육,정육면체,1705674698,2,비빔면맛있는데  홍탕면완전별로  굳이기다려서먹는맛아님! ,2020.10.24.,서울 서대문구 연세로5다길 22-8 1층 101호 (우)03789
354,탕수육,정육면체,1705674698,1,믿거미 홍면의 면은 안 익어서 밀가루 맛이 나고 들깨면은 심하게 느끼해서 두입먹기 힘들다 인스타이벤트는 하지도 않으면서 메뉴판에 적어놔서 민망했음  다신 가고 싶지 않다,2020.10.17.,서울 서대문구 연세로5다길 22-8 1층 101호 (우)03789
355,탕수육,일일향 잠실점,142439579,1,"들어갔는데 직원이 인사도 안하고, 안내고 한참 서 있어야 해줍니다. 멀뚱멀뚱 손님 세워놓고, 한참 지나서야 2층 올라가라고 했어요. 2층 올라가니 갑자기 2층 종업원이 1층 종업원에게 짜증을 내고, 그대로 세워놓은 채 자기들끼리 서로 짜증내더니 한참 있다가 1층으로 가라고 하네요... ",2020.10.19.,서울 송파구 석촌호수로 290 (우)05618
356,탕수육,일일향 잠실점,142439579,4,요리메뉴를 안먹어서 그런건가? 짬뽕 백짬뽕 짜장면 기본메뉴들은 다 맛있음 특히 백짬뽕 국물 기가 막힘  해장하러갔는데 술시킬까 고민되는 맛~ 아 체인점 인줄 몰랐는데 체인점이더라구요,2020.09.29.,서울 송파구 석촌호수로 290 (우)05618
357,탕수육,일일향 잠실점,142439579,1,짬뽕맛이 점점 맛없어지는곳~,2020.08.30.,서울 송파구 석촌호수로 290 (우)05618
358,탕수육,일일향 잠실점,142439579,4,쟁반짜장이 맛있는 곳,2020.08.19.,서울 송파구 석촌호수로 290 (우)05618
359,탕수육,일일향 잠실점,142439579,4,좋아요,2020.08.13.,서울 송파구 석촌호수로 290 (우)05618
360,탕수육,자리,26793540,1,"볶은밥이 다먹을때까지 탕수육은 나오지않았고 , 나말고 다른 테이블도 음식이 하나씩 안나와서 코스로 먹고있다. 볶은밥을 시키니 차가운 계란국을 요청을 해야만 준다. 볶은밥그릇도 묘하게 작은게 가격대비 양이적다. ",2020.10.24.,서울 용산구 이태원로54길 5-5 (우)04399
361,탕수육,자리,26793540,4,출출해서 들린 이곳 깔끔한 맛을 좋아하는 내게 이집 짬뽕은 입맛에 잘 맞았음 친절도도 생각보다 괜춘했다ㅎ,2020.09.13.,서울 용산구 이태원로54길 5-5 (우)04399
362,탕수육,자리,26793540,1,멋모르고 저녁먹으러 왔다가 주문받는 종업원 불친절. 주인양반에게 메뉴 물어 봤다가 면박 같은 댜답.  음식나오기 전부터 실망하고. 음식은 분식집 수준. 담는 그릇도 그렇고 맛은 더형편없어요 정말최악이네 복음밥. 잡채밥 가격은 11000원인데 분식집 6000원 짜리랑 맛은 비슷해요,2020.08.06.,서울 용산구 이태원로54길 5-5 (우)04399
363,탕수육,자리,26793540,2,예전엔 맛있었는데 예전같진 않네요. 그래도 맛은 중간은 하는것 같은데 가격 생각하면 맨발에 슬리퍼 신고 하는 서빙은 좀 아니지 않나요. ,2020.07.07.,서울 용산구 이태원로54길 5-5 (우)04399
364,탕수육,자리,26793540,1,이런거 잘 안남기는 편인데 홀 직원 진짜 불친절해요.ㅋ세상 편하게 배짱장사 하시는듯 ; 맛은 좋았는데 서비스때매 맛 하나도 기억에 안 남아요  ,2020.06.20.,서울 용산구 이태원로54길 5-5 (우)04399
